--2026-10-08 12:43:27--  https://stacks.stanford.edu/file/druid:vg497cb6002/README.md
Resolving stacks.stanford.edu (stacks.stanford.edu)... 171.67.37.91
Connecting to stacks.stanford.edu (stacks.stanford.edu)|171.67.37.91|:443... connected.
HTTP request sent, awaiting response... 200 OK
Length: unspecified [text/plain]
Saving to: ‘README_fmow_sentinel.md’

     0K ..                                                     4.92M=0.001s

2026-10-08 12:43:28 (4.92 MB/s) - ‘README_fmow_sentinel.md’ saved [2846]

--2026-10-08 12:43:28--  https://stacks.stanford.edu/file/druid:vg497cb6002/val.csv
Resolving stacks.stanford.edu (stacks.stanford.edu)... 171.67.37.91
Connecting to stacks.stanford.edu (stacks.stanford.edu)|171.67.37.91|:443... connected.
HTTP request sent, awaiting response... 200 OK
Length: unspecified [text/csv]
Saving to: ‘val.csv’

     0K .......... .......... .......... .......... ..........  413K
    50K .......... .......... .......... .......... ..........  418K
   100K .......... .......... .......... .......... ..........  830K
   150K .......... .......... .......... .......... ..........  838K
   200K .......... .......... .......... .......... ..........  840K
   250K .......... .......... .......... .......... .......... 1.20M
   300K .......... .......... .......... .......... .......... 2.52M
   350K .......... .......... .......... .......... ..........  843K
   400K .......... .......... .......... .......... .......... 74.2M
   450K .......... .......... .......... .......... .......... 1.22M
   500K .......... .......... .......... .......... .......... 2.50M
   550K .......... .......... .......... .......... .......... 68.3M
   600K .......... .......... .......... .......... ..........  854K
   650K .......... .......... .......... .......... .......... 56.1M
   700K .......... .......... .......... .......... ..........  123M
   750K .......... .......... .......... .......... ..........  717K
   800K .......... .......... .......... .......... .......... 2.55M
   850K .......... .......... .......... .......... .......... 2.53M
   900K .......... .......... .......... .......... .......... 2.63M
   950K .......... .......... .......... .......... .......... 2.82M
  1000K .......... .......... .......... .......... .......... 2.91M
  1050K .......... .......... .......... .......... .......... 2.99M
  1100K .......... .......... .......... .......... .......... 2.84M
  1150K .......... .......... .......... .......... .......... 3.61M
  1200K .......... .......... .......... .......... .......... 2.59M
  1250K .......... .......... .......... .......... .......... 3.74M
  1300K .......... .......... .......... .......... .......... 3.69M
  1350K .......... .......... .......... .......... .......... 3.77M
  1400K .......... .......... .......... .......... .......... 3.50M
  1450K .......... .......... .......... .......... .......... 4.10M
  1500K .......... .......... .......... .......... .......... 4.02M
  1550K .......... .......... .......... .......... .......... 4.39M
  1600K .......... .......... .......... .......... .......... 4.53M
  1650K .......... .......... .......... .......... .......... 4.30M
  1700K .......... .......... .......... .......... .......... 4.50M
  1750K .......... .......... .......... .......... .......... 3.89M
  1800K .......... .......... .......... .......... .......... 3.17M
  1850K .......... .......... .......... .......... .......... 4.19M
  1900K .......... .......... .......... .......... .......... 4.47M
  1950K .......... .......... .......... .......... .......... 4.60M
  2000K .......... .......... .......... .......... .......... 3.87M
  2050K .......... .......... .......... .......... .......... 4.70M
  2100K .......... .......... .......... .......... .......... 3.49M
  2150K .......... .......... .......... .......... .......... 4.47M
  2200K .......... .......... .......... .......... .......... 4.14M
  2250K .......... .......... .......... .......... .......... 4.61M
  2300K .......... .......... .......... .......... .......... 3.97M
  2350K .......... .......... .......... .......... .......... 4.61M
  2400K .......... .......... .......... .......... .......... 4.33M
  2450K .......... .......... .......... .......... .......... 3.23M
  2500K .......... .......... .......... .......... .......... 5.93M
  2550K .......... .......... .......... .......... .......... 3.20M
  2600K .......... .......... .......... .......... .......... 4.44M
  2650K .......... .......... .......... .......... .......... 4.03M
  2700K .......... .......... .......... .......... .......... 4.91M
  2750K .......... .......... .......... .......... .......... 4.01M
  2800K .......... .......... .......... .......... .......... 4.22M
  2850K .......... .......... .......... .......... .......... 4.21M
  2900K .......... .......... .......... .......... .......... 4.34M
  2950K .......... .......... .......... .......... .......... 4.69M
  3000K .......... .......... .......... .......... .......... 3.19M
  3050K .......... .......... .......... .......... .......... 4.31M
  3100K .......... .......... .......... .......... .......... 4.27M
  3150K .......... .......... .......... .......... .......... 4.29M
  3200K .......... .......... .......... .......... .......... 4.73M
  3250K .......... .......... .......... .......... .......... 4.12M
  3300K .......... .......... .......... .......... .......... 4.10M
  3350K .......... .......... .......... .......... .......... 3.34M
  3400K .......... .......... .......... .......... .......... 4.41M
  3450K .......... .......... .......... .......... .......... 4.67M
  3500K .......... .......... .......... .......... .......... 4.16M
  3550K .......... .......... .......... .......... .......... 4.67M
  3600K .......... .......... .......... .......... .......... 3.18M
  3650K .......... .......... .......... .......... .......... 4.41M
  3700K .......... .......... .......... .......... .......... 4.37M
  3750K .......... .......... .......... .......... .......... 4.29M
  3800K .......... .......... .......... .......... .......... 4.33M
  3850K .......... .......... .......... .......... .......... 4.29M
  3900K .......... .......... .......... .......... .......... 3.97M
  3950K .......... .......... .......... .......... .......... 4.67M
  4000K .......... .......... .......... .......... .......... 4.37M
  4050K .......... .......... .......... .......... .......... 1.47M
  4100K .......... .......... .......... .......... ..........  119M
  4150K .......... .......... .......... .......... .......... 9.35M
  4200K .......... .......... .......... .......... .......... 4.75M
  4250K .......... .......... .......... .......... .......... 4.53M
  4300K .......... .......... .......... .......... .......... 1.47M
  4350K .......... .......... .......... .......... .......... 11.4M
  4400K .......... .......... .......... .......... .......... 8.27M
  4450K .......... .......... .......... .......... .......... 6.05M
  4500K .......... .......... .......... .......... .......... 5.49M
  4550K .......... .......... .......... .......... .......... 1.49M
  4600K .......... .......... .......... .......... .......... 10.9M
  4650K .......... .......... .......... .......... .......... 8.69M
  4700K .......... .......... .......... .......... .......... 6.80M
  4750K .......... .......... .......... .......... .......... 6.73M
  4800K .......... .......... .......... .......... .......... 3.57M
  4850K .......... .......... .......... .......... .......... 1.96M
  4900K .......... .......... .......... .......... .......... 7.05M
  4950K .......... .......... .......... .......... .......... 8.54M
  5000K .......... .......... .......... .......... .......... 5.63M
  5050K .......... .......... .......... .......... .......... 3.57M
  5100K .......... .......... .......... .......... .......... 1.92M
  5150K .......... .......... .......... .......... .......... 8.87M
  5200K .......... .......... .......... .......... .......... 7.71M
  5250K .......... .......... .......... .......... .......... 8.96M
  5300K .......... .......... .......... .......... .......... 3.76M
  5350K .......... .......... .......... .......... .......... 1.74M
  5400K .......... .......... .......... .......... .......... 8.61M
  5450K .......... .......... .......... .......... .......... 6.14M
  5500K .......... .......... .......... .......... .......... 8.45M
  5550K .......... .......... .......... .......... .......... 3.76M
  5600K .......... .......... .......... .......... .......... 1.74M
  5650K .......... .......... .......... .......... .......... 9.81M
  5700K .......... .......... .......... .......... .......... 7.42M
  5750K .......... .......... .......... .......... .......... 9.45M
  5800K .......... .......... .......... .......... .......... 3.16M
  5850K .......... .......... .......... .......... .......... 1.75M
  5900K .......... .......... .......... .......... .......... 10.5M
  5950K .......... .......... .......... .......... .......... 7.18M
  6000K .......... .......... .......... .......... .......... 9.78M
  6050K .......... .......... .......... .......... .......... 4.63M
  6100K .......... .......... .......... .......... .......... 1.52M
  6150K .......... .......... .......... .......... .......... 9.39M
  6200K .......... .......... .......... .......... .......... 7.29M
  6250K .......... .......... .......... .......... .......... 9.04M
  6300K .......... .......... .......... .......... .......... 4.29M
  6350K .......... .......... .......... .......... .......... 1.62M
  6400K .......... .......... .......... .......... .......... 9.44M
  6450K .......... .......... .......... .......... .......... 7.35M
  6500K .......... .......... .......... .......... .......... 7.87M
  6550K .......... .......... .......... .......... .......... 5.05M
  6600K .......... .......... .......... .......... .......... 1.52M
  6650K .......... .......... .......... .......... .......... 10.7M
  6700K .......... .......... .......... .......... .......... 6.69M
  6750K .......... .......... .......... .......... .......... 8.14M
  6800K .......... .......... .......... .......... .......... 4.90M
  6850K .......... .......... .......... .......... .......... 1.53M
  6900K .......... .......... .......... .......... .......... 10.1M
  6950K .......... .......... .......... .......... .......... 8.50M
  7000K .......... .......... .......... .......... .......... 8.19M
  7050K .......... .......... .......... .......... .......... 5.45M
  7100K .......... .......... .......... .......... .......... 1.46M
  7150K .......... .......... .......... .......... .......... 11.3M
  7200K .......... .......... .......... .......... .......... 6.68M
  7250K .......... .......... .......... .......... .......... 7.37M
  7300K .......... .......... .......... .......... .......... 5.93M
  7350K .......... .......... .......... .......... .......... 1.45M
  7400K .......... .......... .......... .......... .......... 9.92M
  7450K .......... .......... .......... .......... .......... 8.47M
  7500K .......... .......... .......... .......... .......... 8.53M
  7550K .......... .......... .......... .......... .......... 6.72M
  7600K .......... .......... .......... .......... .......... 3.70M
  7650K .......... .......... .......... .......... .......... 1.86M
  7700K .......... .......... .......... .......... .......... 6.50M
  7750K .......... .......... .......... .......... .......... 8.53M
  7800K .......... .......... .......... .......... .......... 6.90M
  7850K .......... .......... .......... .......... .......... 3.66M
  7900K .......... .......... .......... .......... .......... 1.87M
  7950K .......... .......... .......... .......... .......... 8.70M
  8000K .......... .......... .......... .......... .......... 6.04M
  8050K .......... .......... .......... .......... .......... 7.46M
  8100K .......... .......... .......... .......... .......... 3.66M
  8150K .......... .......... .......... .......... .......... 1.23M
  8200K .......... .......... .......... .......... ..........  111M
  8250K .......... .......... .......... .......... ..........  105M
  8300K .......... .......... .......... .......... .......... 8.26M
  8350K .......... .......... .......... .......... .......... 4.54M
  8400K .......... .......... .......... .......... .......... 1.15M
  8450K .......... .......... .......... .......... .......... 11.9M
  8500K .......... .......... .......... .......... .......... 11.6M
  8550K .......... .......... .......... .......... .......... 9.97M
  8600K .......... .......... .......... .......... .......... 11.6M
  8650K .......... .......... .......... .......... .......... 1.15M
  8700K .......... .......... .......... .......... .......... 14.3M
  8750K .......... .......... .......... .......... .......... 11.9M
  8800K .......... .......... .......... .......... .......... 9.71M
  8850K .......... .......... .......... .......... .......... 13.4M
  8900K .......... .......... .......... .......... .......... 1.12M
  8950K .......... .......... .......... .......... .......... 13.1M
  9000K .......... .......... .......... .......... .......... 13.2M
  9050K .......... .......... .......... .......... .......... 12.0M
  9100K .......... .......... .......... .......... .......... 7.96M
  9150K .......... .......... .......... .......... .......... 1.16M
  9200K .......... .......... .......... .......... .......... 17.4M
  9250K .......... .......... .......... .......... .......... 10.6M
  9300K .......... .......... .......... .......... .......... 12.3M
  9350K .......... .......... .......... .......... .......... 9.08M
  9400K .......... .......... .......... .......... .......... 1.13M
  9450K .......... .......... .......... .......... .......... 13.4M
  9500K .......... .......... .......... .......... .......... 12.5M
  9550K .......... .......... .......... .......... .......... 11.1M
  9600K .......... .......... .......... .......... .......... 11.1M
  9650K .......... .......... .......... .......... .......... 1.82M
  9700K .......... .......... .......... .......... .......... 2.48M
  9750K .......... .......... .......... .......... .......... 12.5M
  9800K .......... .......... .......... .......... .......... 11.5M
  9850K .......... .......... .......... .......... .......... 12.6M
  9900K .......... .......... .......... .......... .......... 1.76M
  9950K .......... .......... .......... .......... .......... 2.36M
 10000K .......... .......... .......... .......... .......... 13.4M
 10050K .......... .......... .......... .......... .......... 12.5M
 10100K .......... .......... .......... .......... .......... 11.3M
 10150K .......... .......... .......... .......... .......... 1.78M
 10200K .......... .......... .......... .......... .......... 2.55M
 10250K .......... .......... .......... .......... .......... 9.14M
 10300K .......... .......... .......... .......... .......... 12.8M
 10350K .......... .......... .......... .......... .......... 12.1M
 10400K .......... .......... .......... .......... .......... 8.37M
 10450K .......... .......... .......... .......... .......... 1.19M
 10500K .......... .......... .......... .......... .......... 11.6M
 10550K .......... .......... .......... .......... .......... 12.8M
 10600K .......... .......... .......... .......... .......... 10.1M
 10650K .......... .......... .......... .......... .......... 8.65M
 10700K .......... .......... .......... .......... .......... 1.21M
 10750K .......... .......... .......... .......... .......... 9.46M
 10800K .......... .......... .......... .......... .......... 13.8M
 10850K .......... .......... .......... .......... .......... 13.0M
 10900K .......... .......... .......... .......... .......... 12.3M
 10950K .......... .......... .......... .......... .......... 1.11M
 11000K .......... .......... .......... .......... .......... 15.8M
 11050K .......... .......... .......... .......... .......... 8.43M
 11100K .......... .......... .......... .......... .......... 13.5M
 11150K .......... .......... .......... .......... .......... 12.5M
 11200K .......... .......... .......... .......... .......... 1.15M
 11250K .......... .......... .......... .......... .......... 12.0M
 11300K .......... .......... .......... .......... .......... 10.2M
 11350K .......... .......... .......... .......... .......... 11.8M
 11400K .......... .......... .......... .......... .......... 15.5M
 11450K .......... .......... .......... .......... .......... 1.14M
 11500K .......... .......... .......... .......... .......... 11.4M
 11550K .......... .......... .......... .......... .......... 8.72M
 11600K .......... .......... .......... .......... .......... 12.2M
 11650K .......... .......... .......... .......... .......... 16.1M
 11700K .......... .......... .......... .......... .......... 1.81M
 11750K .......... .......... .......... .......... .......... 2.46M
 11800K .......... .......... .......... .......... .......... 8.10M
 11850K .......... .......... .......... .......... .......... 11.9M
 11900K .......... .......... .......... .......... .......... 16.2M
 11950K .......... .......... .......... .......... .......... 1.81M
 12000K .......... .......... .......... .......... .......... 2.49M
 12050K .......... .......... .......... .......... .......... 9.94M
 12100K .......... .......... .......... .......... .......... 10.1M
 12150K .......... .......... .......... .......... .......... 12.9M
 12200K .......... .......... .......... .......... .......... 1.88M
 12250K .......... .......... .......... .......... .......... 1.69M
 12300K .......... .......... .......... .......... ..........  110M
 12350K .......... .......... .......... .......... .......... 57.5M
 12400K .......... .......... .......... .......... .......... 13.5M
 12450K .......... .......... .......... .......... .......... 1.89M
 12500K .......... .......... .......... .......... .......... 1.68M
 12550K .......... .......... .......... .......... ..........  814K
 12600K .......... .......... .......... .......... .......... 11.7M
 12650K .......... .......... .......... .......... .......... 8.13M
 12700K .......... .......... .......... .......... .......... 12.5M
 12750K .......... .......... .......... .......... .......... 9.84M
 12800K .......... .......... .......... .......... .......... 1.20M
 12850K .......... .......... .......... .......... .......... 9.02M
 12900K .......... .......... .......... .......... .......... 12.9M
 12950K .......... .......... .......... .......... .......... 12.7M
 13000K .......... .......... .......... .......... .......... 11.9M
 13050K .......... .......... .......... .......... .......... 1.15M
 13100K .......... .......... .......... .......... .......... 10.3M
 13150K .......... .......... .......... .......... .......... 10.5M
 13200K .......... .......... .......... .......... .......... 11.3M
 13250K .......... .......... .......... .......... .......... 13.0M
 13300K .......... .......... .......... .......... .......... 1.15M
 13350K .......... .......... .......... .......... .......... 13.4M
 13400K .......... .......... .......... .......... .......... 8.67M
 13450K .......... .......... .......... .......... .......... 14.2M
 13500K .......... .......... .......... .......... .......... 8.92M
 13550K .......... .......... .......... .......... .......... 1.17M
 13600K .......... .......... .......... .......... .......... 12.7M
 13650K .......... .......... .......... .......... .......... 9.97M
 13700K .......... .......... .......... .......... .......... 12.4M
 13750K .......... .......... .......... .......... .......... 11.1M
 13800K .......... .......... .......... .......... .......... 1.14M
 13850K .......... .......... .......... .......... .......... 12.4M
 13900K .......... .......... .......... .......... .......... 11.3M
 13950K .......... .......... .......... .......... .......... 10.7M
 14000K .......... .......... .......... .......... .......... 11.0M
 14050K .......... .......... .......... .......... .......... 12.2M
 14100K .......... .......... .......... .......... .......... 1.17M
 14150K .......... .......... .......... .......... .......... 9.69M
 14200K .......... .......... .......... .......... .......... 12.0M
 14250K .......... .......... .......... .......... .......... 11.5M
 14300K .......... .......... .......... .......... .......... 12.1M
 14350K .......... .......... .......... .......... .......... 1.17M
 14400K .......... .......... .......... .......... .......... 8.32M
 14450K .......... .......... .......... .......... .......... 10.6M
 14500K .......... .......... .......... .......... .......... 13.9M
 14550K .......... .......... .......... .......... .......... 11.6M
 14600K .......... .......... .......... .......... .......... 1.17M
 14650K .......... .......... .......... .......... .......... 11.6M
 14700K .......... .......... .......... .......... .......... 11.6M
 14750K .......... .......... .......... .......... .......... 9.74M
 14800K .......... .......... .......... .......... .......... 10.2M
 14850K .......... .......... .......... .......... .......... 1.16M
 14900K .......... .......... .......... .......... .......... 11.9M
 14950K .......... .......... .......... .......... .......... 11.2M
 15000K .......... .......... .......... .......... .......... 10.5M
 15050K .......... .......... .......... .......... .......... 13.7M
 15100K .......... .......... .......... .......... .......... 1.16M
 15150K .......... .......... .......... .......... .......... 10.5M
 15200K .......... .......... .......... .......... .......... 11.6M
 15250K .......... .......... .......... .......... .......... 11.8M
 15300K .......... .......... .......... .......... .......... 8.31M
 15350K .......... .......... .......... .......... .......... 1.18M
 15400K .......... .......... .......... .......... .......... 11.0M
 15450K .......... .......... .......... .......... .......... 11.7M
 15500K .......... .......... .......... .......... .......... 9.09M
 15550K .......... .......... .......... .......... .......... 12.4M
 15600K .......... .......... .......... .......... .......... 1.19M
 15650K .......... .......... .......... .......... .......... 11.7M
 15700K .......... .......... .......... .......... .......... 9.87M
 15750K .......... .......... .......... .......... .......... 13.2M
 15800K .......... .......... .......... .......... .......... 10.1M
 15850K .......... .......... .......... .......... .......... 1.15M
 15900K .......... .......... .......... .......... .......... 11.8M
 15950K .......... .......... .......... .......... .......... 9.88M
 16000K .......... .......... .......... .......... .......... 12.7M
 16050K .......... .......... .......... .......... .......... 10.9M
 16100K .......... .......... .......... .......... .......... 1.18M
 16150K .......... .......... .......... .......... .......... 10.3M
 16200K .......... .......... .......... .......... .......... 10.6M
 16250K .......... .......... .......... .......... .......... 13.0M
 16300K .......... .......... .......... .......... .......... 9.28M
 16350K .......... .......... .......... .......... .......... 1.79M
 16400K .......... .......... .......... .......... .......... 2.49M
 16450K .......... .......... .......... .......... .......... 12.4M
 16500K .......... .......... .......... .......... .......... 12.2M
 16550K .......... .......... .......... .......... .......... 9.97M
 16600K .......... .......... .......... .......... .......... 1.17M
 16650K .......... .......... .......... .......... .......... 12.0M
 16700K .......... .......... .......... .......... .......... 8.98M
 16750K .......... .......... .......... .......... .......... 15.0M
 16800K .......... .......... .......... .......... .......... 9.50M
 16850K .......... .......... .......... .......... .......... 1.76M
 16900K .......... .......... .......... .......... .......... 2.80M
 16950K .......... .......... .......... .......... .......... 11.2M
 17000K .......... .......... .......... .......... .......... 7.51M
 17050K .......... .......... .......... .......... .......... 12.8M
 17100K .......... .......... .......... .......... .......... 1.77M
 17150K .......... .......... .......... .......... .......... 2.77M
 17200K .......... .......... .......... .......... .......... 11.4M
 17250K .......... .......... .......... .......... .......... 10.5M
 17300K .......... .......... .......... .......... .......... 8.71M
 17350K .......... .......... .......... .......... .......... 1.77M
 17400K .......... .......... .......... .......... .......... 2.79M
 17450K .......... .......... .......... .......... .......... 10.1M
 17500K .......... .......... .......... .......... .......... 11.7M
 17550K .......... .......... .......... .......... .......... 11.5M
 17600K .......... .......... .......... .......... .......... 1.67M
 17650K .......... .......... .......... .......... .......... 2.77M
 17700K .......... .......... .......... .......... .......... 12.6M
 17750K .......... .......... .......... .......... .......... 9.44M
 17800K .......... .......... .......... .......... .......... 12.7M
 17850K .......... .......... .......... .......... .......... 10.1M
 17900K .......... .......... .......... .......... .......... 1.18M
 17950K .......... .......... .......... .......... .......... 14.5M
 18000K .......... .......... .......... .......... .......... 7.22M
 18050K .......... .......... .......... .......... .......... 12.9M
 18100K .......... .......... .......... .......... .......... 10.3M
 18150K .......... .......... .......... .......... .......... 1.18M
 18200K .......... .......... .......... .......... .......... 11.5M
 18250K .......... .......... .......... .......... .......... 9.76M
 18300K .......... .......... .......... .......... .......... 10.2M
 18350K .......... .......... .......... .......... .......... 11.9M
 18400K .......... .......... .......... .......... .......... 1.19M
 18450K .......... .......... .......... .......... .......... 10.8M
 18500K .......... .......... .......... .......... .......... 10.8M
 18550K .......... .......... .......... .......... .......... 9.16M
 18600K .......... .......... .......... .......... .......... 11.8M
 18650K .......... .......... .......... .......... .......... 1.19M
 18700K .......... .......... .......... .......... .......... 11.4M
 18750K .......... .......... .......... .......... .......... 9.62M
 18800K .......... .......... .......... .......... .......... 11.4M
 18850K .......... .......... .......... .......... .......... 10.4M
 18900K .......... .......... .......... .......... .......... 1.18M
 18950K .......... .......... .......... .......... .......... 13.3M
 19000K .......... .......... .......... .......... .......... 9.16M
 19050K .......... .......... .......... .......... .......... 9.16M
 19100K .......... .......... .......... .......... .......... 11.2M
 19150K .......... .......... .......... .......... .......... 1.22M
 19200K .......... .......... .......... .......... .......... 11.4M
 19250K .......... .......... .......... .......... .......... 7.36M
 19300K .......... .......... .......... .......... .......... 11.6M
 19350K .......... .......... .......... .......... .......... 12.3M
 19400K .......... .......... .......... .......... .......... 1.19M
 19450K .......... .......... .......... .......... .......... 11.9M
 19500K .......... .......... .......... .......... .......... 8.77M
 19550K .......... .......... .......... .......... .......... 10.6M
 19600K .......... .......... .......... .......... .......... 10.8M
 19650K .......... .......... .......... .......... .......... 1.19M
 19700K .......... .......... .......... .......... .......... 11.2M
 19750K .......... .......... .......... .......... .......... 13.0M
 19800K .......... .......... .......... .......... .......... 9.50M
 19850K .......... .......... .......... .......... .......... 11.9M
 19900K .......... .......... .......... .......... .......... 1.75M
 19950K .......... .......... .......... .......... .......... 2.67M
 20000K .......... .......... .......... .......... .......... 8.27M
 20050K .......... .......... .......... .......... .......... 12.7M
 20100K .......... .......... .......... .......... .......... 10.2M
 20150K .......... .......... .......... .......... .......... 1.79M
 20200K .......... .......... .......... .......... .......... 2.69M
 20250K .......... .......... .......... .......... .......... 12.5M
 20300K .......... .......... .......... .......... .......... 9.15M
 20350K .......... .......... .......... .......... .......... 11.5M
 20400K .......... .......... .......... .......... .......... 1.75M
 20450K .......... .......... .......... .......... .......... 1.36M
 20500K .......... .......... .......... .......... ..........  139M
 20550K .......... .......... .......... .......... ..........  149M
 20600K .......... .......... .......... .......... ..........  137M
 20650K .....                                                   126M=5.5s

2026-10-08 12:43:34 (3.65 MB/s) - ‘val.csv’ saved [21151427]

--2026-10-08 12:43:34--  https://stacks.stanford.edu/file/druid:vg497cb6002/fmow-sentinel.tar.gz
Resolving stacks.stanford.edu (stacks.stanford.edu)... 171.67.37.91
Connecting to stacks.stanford.edu (stacks.stanford.edu)|171.67.37.91|:443... connected.
HTTP request sent, awaiting response... 200 OK
Length: unspecified [application/x-gzip]
Saving to: ‘fmow-sentinel.tar.gz’

     0K ........ ........ ........ ........ 3.97M
 32768K ........ ........ ........ ........ 3.99M
 65536K ........ ........ ........ ........ 3.99M
 98304K ........ ........ ........ ........ 3.99M
131072K ........ ........ ........ ........ 4.08M
163840K ........ ........ ........ ........ 4.01M
196608K ........ ........ ........ ........ 3.95M
229376K ........ ........ ........ ........ 3.95M
262144K ........ ........ ........ ........ 3.88M
294912K ........ ........ ........ ........ 3.91M
327680K ........ ........ ........ ........ 3.96M
360448K ........ ........ ........ ........ 4.06M
393216K ........ ........ ........ ........ 4.02M
425984K ........ ........ ........ ........ 3.89M
458752K ........ ........ ........ ........ 3.77M
491520K ........ ........ ........ ........ 3.82M
524288K ........ ........ ........ ........ 4.04M
557056K ........ ........ ........ ........ 3.98M
589824K ........ ........ ........ ........ 3.91M
622592K ........ ........ ........ ........ 3.99M
655360K ........ ........ ........ ........ 3.96M
688128K ........ ........ ........ ........ 4.03M
720896K ........ ........ ........ ........ 3.88M
753664K ........ ........ ........ ........ 3.82M
786432K ........ ........ ........ ........ 3.93M
819200K ........ ........ ........ ........ 3.94M
851968K ........ ........ ........ ........ 4.03M
884736K ........ ........ ........ ........ 3.87M
917504K ........ ........ ........ ........ 3.96M
950272K ........ ........ ........ ........ 3.90M
983040K ........ ........ ........ ........ 4.01M
1015808K ........ ........ ........ ........ 3.88M
1048576K ........ ........ ........ ........ 3.87M
1081344K ........ ........ ........ ........ 3.92M
1114112K ........ ........ ........ ........ 3.84M
1146880K ........ ........ ........ ........ 3.90M
1179648K ........ ........ ........ ........ 3.95M
1212416K ........ ........ ........ ........ 3.91M
1245184K ........ ........ ........ ........ 3.88M
1277952K ........ ........ ........ ........ 3.97M
1310720K ........ ........ ........ ........ 3.95M
1343488K ........ ........ ........ ........ 4.01M
1376256K ........ ........ ........ ........ 4.00M
1409024K ........ ........ ........ ........ 3.77M
1441792K ........ ........ ........ ........ 4.00M
1474560K ........ ........ ........ ........ 3.71M
1507328K ........ ........ ........ ........ 4.02M
1540096K ........ ........ ........ ........ 3.86M
1572864K ........ ........ ........ ........ 3.87M
1605632K ........ ........ ........ ........ 3.94M
1638400K ........ ........ ........ ........ 3.81M
1671168K ........ ........ ........ ........ 3.87M
1703936K ........ ........ ........ ........ 3.88M
1736704K ........ ........ ........ ........ 4.02M
1769472K ........ ........ ........ ........ 3.85M
1802240K ........ ........ ........ ........ 4.01M
1835008K ........ ........ ........ ........ 4.02M
1867776K ........ ........ ........ ........ 3.95M
1900544K ........ ........ ........ ........ 4.02M
1933312K ........ ........ ........ ........ 3.93M
1966080K ........ ........ ........ ........ 3.95M
1998848K ........ ........ ........ ........ 4.02M
2031616K ........ ........ ........ ........ 3.99M
2064384K ........ ........ ........ ........ 3.95M
2097152K ........ ........ ........ ........ 3.93M
2129920K ........ ........ ........ ........ 4.07M
2162688K ........ ........ ........ ........ 3.97M
2195456K ........ ........ ........ ........ 3.91M
2228224K ........ ........ ........ ........ 3.99M
2260992K ........ ........ ........ ........ 3.96M
2293760K ........ ........ ........ ........ 4.02M
2326528K ........ ........ ........ ........ 4.01M
2359296K ........ ........ ........ ........ 3.92M
2392064K ........ ........ ........ ........ 3.93M
2424832K ........ ........ ........ ........ 3.80M
2457600K ........ ........ ........ ........ 3.97M
2490368K ........ ........ ........ ........ 3.97M
2523136K ........ ........ ........ ........ 3.97M
2555904K ........ ........ ........ ........ 3.96M
2588672K ........ ........ ........ ........ 3.87M
2621440K ........ ........ ........ ........ 3.95M
2654208K ........ ........ ........ ........ 3.65M
2686976K ........ ........ ........ ........ 3.99M
2719744K ........ ........ ........ ........ 3.88M
2752512K ........ ........ ........ ........ 3.89M
2785280K ........ ........ ........ ........ 3.90M
2818048K ........ ........ ........ ........ 3.85M
2850816K ........ ........ ........ ........ 3.88M
2883584K ........ ........ ........ ........ 4.02M
2916352K ........ ........ ........ ........ 3.99M
2949120K ........ ........ ........ ........ 4.03M
2981888K ........ ........ ........ ........ 3.95M
3014656K ........ ........ ........ ........ 3.93M
3047424K ........ ........ ........ ........ 3.97M
3080192K ........ ........ ........ ........ 4.05M
3112960K ........ ........ ........ ........ 3.92M
3145728K ........ ........ ........ ........ 3.97M
3178496K ........ ........ ........ ........ 3.87M
3211264K ........ ........ ........ ........ 3.93M
3244032K ........ ........ ........ ........ 3.97M
3276800K ........ ........ ........ ........ 3.86M
3309568K ........ ........ ........ ........ 3.75M
3342336K ........ ........ ........ ........ 3.98M
3375104K ........ ........ ........ ........ 4.06M
3407872K ........ ........ ........ ........ 3.92M
3440640K ........ ........ ........ ........ 3.93M
3473408K ........ ........ ........ ........ 3.99M
3506176K ........ ........ ........ ........ 3.92M
3538944K ........ ........ ........ ........ 3.91M
3571712K ........ ........ ........ ........ 4.02M
3604480K ........ ........ ........ ........ 4.02M
3637248K ........ ........ ........ ........ 3.85M
3670016K ........ ........ ........ ........ 4.04M
3702784K ........ ........ ........ ........ 3.91M
3735552K ........ ........ ........ ........ 3.92M
3768320K ........ ........ ........ ........ 4.00M
3801088K ........ ........ ........ ........ 4.00M
3833856K ........ ........ ........ ........ 4.06M
3866624K ........ ........ ........ ........ 3.96M
3899392K ........ ........ ........ ........ 3.96M
3932160K ........ ........ ........ ........ 3.88M
3964928K ........ ........ ........ ........ 3.98M
3997696K ........ ........ ........ ........ 3.88M
4030464K ........ ........ ........ ........ 4.01M
4063232K ........ ........ ........ ........ 4.00M
4096000K ........ ........ ........ ........ 3.99M
4128768K ........ ........ ........ ........ 4.04M
4161536K ........ ........ ........ ........ 3.94M
4194304K ........ ........ ........ ........ 3.97M
4227072K ........ ........ ........ ........ 3.99M
4259840K ........ ........ ........ ........ 3.88M
4292608K ........ ........ ........ ........ 3.94M
4325376K ........ ........ ........ ........ 4.02M
4358144K ........ ........ ........ ........ 3.88M
4390912K ........ ........ ........ ........ 3.87M
4423680K ........ ........ ........ ........ 4.09M
4456448K ........ ........ ........ ........ 3.74M
4489216K ........ ........ ........ ........ 3.87M
4521984K ........ ........ ........ ........ 3.81M
4554752K ........ ........ ........ ........ 3.87M
4587520K ........ ........ ........ ........ 3.96M
4620288K ........ ........ ........ ........ 4.03M
4653056K ........ ........ ........ ........ 3.97M
4685824K ........ ........ ........ ........ 3.92M
4718592K ........ ........ ........ ........ 3.81M
4751360K ........ ........ ........ ........ 3.94M
4784128K ........ ........ ........ ........ 4.05M
4816896K ........ ........ ........ ........ 3.80M
4849664K ........ ........ ........ ........ 3.96M
4882432K ........ ........ ........ ........ 4.00M
4915200K ........ ........ ........ ........ 3.95M
4947968K ........ ........ ........ ........ 3.87M
4980736K ........ ........ ........ ........ 3.97M
5013504K ........ ........ ........ ........ 3.93M
5046272K ........ ........ ........ ........ 3.95M
5079040K ........ ........ ........ ........ 3.97M
5111808K ........ ........ ........ ........ 3.91M
5144576K ........ ........ ........ ........ 3.93M
5177344K ........ ........ ........ ........ 3.91M
5210112K ........ ........ ........ ........ 3.96M
5242880K ........ ........ ........ ........ 3.89M
5275648K ........ ........ ........ ........ 4.06M
5308416K ........ ........ ........ ........ 4.05M
5341184K ........ ........ ........ ........ 3.87M
5373952K ........ ........ ........ ........ 3.86M
5406720K ........ ........ ........ ........ 4.02M
5439488K ........ ........ ........ ........ 3.80M
5472256K ........ ........ ........ ........ 3.81M
5505024K ........ ........ ........ ........ 3.94M
5537792K ........ ........ ........ ........ 3.87M
5570560K ........ ........ ........ ........ 3.94M
5603328K ........ ........ ........ ........ 3.90M
5636096K ........ ........ ........ ........ 3.89M
5668864K ........ ........ ........ ........ 3.98M
5701632K ........ ........ ........ ........ 3.94M
5734400K ........ ........ ........ ........ 3.92M
5767168K ........ ........ ........ ........ 4.04M
5799936K ........ ........ ........ ........ 4.10M
5832704K ........ ........ ........ ........ 3.92M
5865472K ........ ........ ........ ........ 3.88M
5898240K ........ ........ ........ ........ 3.80M
5931008K ........ ........ ........ ........ 3.59M
5963776K ........ ........ ........ ........ 3.66M
5996544K ........ ........ ........ ........ 3.73M
6029312K ........ ........ ........ ........ 4.06M
6062080K ........ ........ ........ ........ 3.99M
6094848K ........ ........ ........ ........ 3.91M
6127616K ........ ........ ........ ........ 3.83M
6160384K ........ ........ ........ ........ 3.88M
6193152K ........ ........ ........ ........ 3.91M
6225920K ........ ........ ........ ........ 3.95M
6258688K ........ ........ ........ ........ 3.90M
6291456K ........ ........ ........ ........ 3.87M
6324224K ........ ........ ........ ........ 3.89M
6356992K ........ ........ ........ ........ 3.98M
6389760K ........ ........ ........ ........ 3.87M
6422528K ........ ........ ........ ........ 4.01M
6455296K ........ ........ ........ ........ 3.83M
6488064K ........ ........ ........ ........ 3.83M
6520832K ........ ........ ........ ........ 3.96M
6553600K ........ ........ ........ ........ 3.97M
6586368K ........ ........ ........ ........ 3.86M
6619136K ........ ........ ........ ........ 3.91M
6651904K ........ ........ ........ ........ 3.77M
6684672K ........ ........ ........ ........ 3.99M
6717440K ........ ........ ........ ........ 4.01M
6750208K ........ ........ ........ ........ 3.82M
6782976K ........ ........ ........ ........ 3.87M
6815744K ........ ........ ........ ........ 3.84M
6848512K ........ ........ ........ ........ 3.87M
6881280K ........ ........ ........ ........ 3.86M
6914048K ........ ........ ........ ........ 4.06M
6946816K ........ ........ ........ ........ 3.99M
6979584K ........ ........ ........ ........ 3.87M
7012352K ........ ........ ........ ........ 3.98M
7045120K ........ ........ ........ ........ 3.87M
7077888K ........ ........ ........ ........ 3.70M
7110656K ........ ........ ........ ........ 3.77M
7143424K ........ ........ ........ ........ 3.94M
7176192K ........ ........ ........ ........ 3.98M
7208960K ........ ........ ........ ........ 3.93M
7241728K ........ ........ ........ ........ 3.75M
7274496K ........ ........ ........ ........ 3.86M
7307264K ........ ........ ........ ........ 4.00M
7340032K ........ ........ ........ ........ 3.85M
7372800K ........ ........ ........ ........ 3.93M
7405568K ........ ........ ........ ........ 3.91M
7438336K ........ ........ ........ ........ 4.00M
7471104K ........ ........ ........ ........ 3.99M
7503872K ........ ........ ........ ........ 3.84M
7536640K ........ ........ ........ ........ 3.95M
7569408K ........ ........ ........ ........ 3.88M
7602176K ........ ........ ........ ........ 3.89M
7634944K ........ ........ ........ ........ 3.92M
7667712K ........ ........ ........ ........ 3.80M
7700480K ........ ........ ........ ........ 3.80M
7733248K ........ ........ ........ ........ 4.02M
7766016K ........ ........ ........ ........ 3.95M
7798784K ........ ........ ........ ........ 3.91M
7831552K ........ ........ ........ ........ 3.95M
7864320K ........ ........ ........ ........ 4.04M
7897088K ........ ........ ........ ........ 4.01M
7929856K ........ ........ ........ ........ 3.81M
7962624K ........ ........ ........ ........ 4.02M
7995392K ........ ........ ........ ........ 3.96M
8028160K ........ ........ ........ ........ 3.89M
8060928K ........ ........ ........ ........ 3.96M
8093696K ........ ........ ........ ........ 4.05M
8126464K ........ ........ ........ ........ 4.08M
8159232K ........ ........ ........ ........ 3.92M
8192000K ........ ........ ........ ........ 3.76M
8224768K ........ ........ ........ ........ 3.97M
8257536K ........ ........ ........ ........ 3.94M
8290304K ........ ........ ........ ........ 3.91M
8323072K ........ ........ ........ ........ 3.98M
8355840K ........ ........ ........ ........ 3.85M
8388608K ........ ........ ........ ........ 3.97M
8421376K ........ ........ ........ ........ 3.94M
8454144K ........ ........ ........ ........ 4.07M
8486912K ........ ........ ........ ........ 3.97M
8519680K ........ ........ ........ ........ 3.94M
8552448K ........ ........ ........ ........ 3.94M
8585216K ........ ........ ........ ........ 3.95M
8617984K ........ ........ ........ ........ 3.91M
8650752K ........ ........ ........ ........ 3.98M
8683520K ........ ........ ........ ........ 3.98M
8716288K ........ ........ ........ ........ 3.97M
8749056K ........ ........ ........ ........ 4.03M
8781824K ........ ........ ........ ........ 4.00M
8814592K ........ ........ ........ ........ 4.04M
8847360K ........ ........ ........ ........ 3.98M
8880128K ........ ........ ........ ........ 3.93M
8912896K ........ ........ ........ ........ 3.99M
8945664K ........ ........ ........ ........ 3.86M
8978432K ........ ........ ........ ........ 3.98M
9011200K ........ ........ ........ ........ 3.88M
9043968K ........ ........ ........ ........ 4.07M
9076736K ........ ........ ........ ........ 3.94M
9109504K ........ ........ ........ ........ 3.86M
9142272K ........ ........ ........ ........ 4.04M
9175040K ........ ........ ........ ........ 3.93M
9207808K ........ ........ ........ ........ 3.95M
9240576K ........ ........ ........ ........ 3.94M
9273344K ........ ........ ........ ........ 4.06M
9306112K ........ ........ ........ ........ 3.91M
9338880K ........ ........ ........ ........ 3.84M
9371648K ........ ........ ........ ........ 3.96M
9404416K ........ ........ ........ ........ 3.93M
9437184K ........ ........ ........ ........ 3.95M
9469952K ........ ........ ........ ........ 3.92M
9502720K ........ ........ ........ ........ 4.03M
9535488K ........ ........ ........ ........ 3.85M
9568256K ........ ........ ........ ........ 3.97M
9601024K ........ ........ ........ ........ 4.04M
9633792K ........ ........ ........ ........ 3.89M
9666560K ........ ........ ........ ........ 3.98M
9699328K ........ ........ ........ ........ 3.92M
9732096K ........ ........ ........ ........ 3.84M
9764864K ........ ........ ........ ........ 4.01M
9797632K ........ ........ ........ ........ 4.00M
9830400K ........ ........ ........ ........ 3.98M
9863168K ........ ........ ........ ........ 3.87M
9895936K ........ ........ ........ ........ 3.90M
9928704K ........ ........ ........ ........ 3.87M
9961472K ........ ........ ........ ........ 3.89M
9994240K ........ ........ ........ ........ 3.91M
10027008K ........ ........ ........ ........ 3.86M
10059776K ........ ........ ........ ........ 3.86M
10092544K ........ ........ ........ ........ 4.08M
10125312K ........ ........ ........ ........ 3.95M
10158080K ........ ........ ........ ........ 3.91M
10190848K ........ ........ ........ ........ 3.81M
10223616K ........ ........ ........ ........ 4.04M
10256384K ........ ........ ........ ........ 3.97M
10289152K ........ ........ ........ ........ 3.83M
10321920K ........ ........ ........ ........ 3.90M
10354688K ........ ........ ........ ........ 3.95M
10387456K ........ ........ ........ ........ 3.93M
10420224K ........ ........ ........ ........ 4.09M
10452992K ........ ........ ........ ........ 3.92M
10485760K ........ ........ ........ ........ 4.01M
10518528K ........ ........ ........ ........ 3.87M
10551296K ........ ........ ........ ........ 3.88M
10584064K ........ ........ ........ ........ 4.03M
10616832K ........ ........ ........ ........ 3.96M
10649600K ........ ........ ........ ........ 4.00M
10682368K ........ ........ ........ ........ 4.04M
10715136K ........ ........ ........ ........ 3.91M
10747904K ........ ........ ........ ........ 3.87M
10780672K ........ ........ ........ ........ 3.86M
10813440K ........ ........ ........ ........ 3.92M
10846208K ........ ........ ........ ........ 3.95M
10878976K ........ ........ ........ ........ 3.92M
10911744K ........ ........ ........ ........ 4.00M
10944512K ........ ........ ........ ........ 4.06M
10977280K ........ ........ ........ ........ 3.99M
11010048K ........ ........ ........ ........ 4.00M
11042816K ........ ........ ........ ........ 4.01M
11075584K ........ ........ ........ ........ 3.88M
11108352K ........ ........ ........ ........ 3.75M
11141120K ........ ........ ........ ........ 4.02M
11173888K ........ ........ ........ ........ 4.00M
11206656K ........ ........ ........ ........ 4.10M
11239424K ........ ........ ........ ........ 4.04M
11272192K ........ ........ ........ ........ 4.03M
11304960K ........ ........ ........ ........ 3.93M
11337728K ........ ........ ........ ........ 3.84M
11370496K ........ ........ ........ ........ 3.89M
11403264K ........ ........ ........ ........ 4.07M
11436032K ........ ........ ........ ........ 3.93M
11468800K ........ ........ ........ ........ 3.92M
11501568K ........ ........ ........ ........ 3.96M
11534336K ........ ........ ........ ........ 3.99M
11567104K ........ ........ ........ ........ 4.07M
11599872K ........ ........ ........ ........ 4.03M
11632640K ........ ........ ........ ........ 3.98M
11665408K ........ ........ ........ ........ 4.03M
11698176K ........ ........ ........ ........ 3.97M
11730944K ........ ........ ........ ........ 3.89M
11763712K ........ ........ ........ ........ 4.00M
11796480K ........ ........ ........ ........ 4.01M
11829248K ........ ........ ........ ........ 4.05M
11862016K ........ ........ ........ ........ 4.04M
11894784K ........ ........ ........ ........ 3.92M
11927552K ........ ........ ........ ........ 4.06M
11960320K ........ ........ ........ ........ 3.97M
11993088K ........ ........ ........ ........ 3.86M
12025856K ........ ........ ........ ........ 3.98M
12058624K ........ ........ ........ ........ 4.04M
12091392K ........ ........ ........ ........ 3.92M
12124160K ........ ........ ........ ........ 3.82M
12156928K ........ ........ ........ ........ 3.92M
12189696K ........ ........ ........ ........ 3.88M
12222464K ........ ........ ........ ........ 3.93M
12255232K ........ ........ ........ ........ 3.91M
12288000K ........ ........ ........ ........ 3.86M
12320768K ........ ........ ........ ........ 3.96M
12353536K ........ ........ ........ ........ 3.89M
12386304K ........ ........ ........ ........ 3.92M
12419072K ........ ........ ........ ........ 4.00M
12451840K ........ ........ ........ ........ 3.95M
12484608K ........ ........ ........ ........ 4.02M
12517376K ........ ........ ........ ........ 3.92M
12550144K ........ ........ ........ ........ 3.96M
12582912K ........ ........ ........ ........ 3.88M
12615680K ........ ........ ........ ........ 3.88M
12648448K ........ ........ ........ ........ 3.97M
12681216K ........ ........ ........ ........ 3.75M
12713984K ........ ........ ........ ........ 3.98M
12746752K ........ ........ ........ ........ 3.87M
12779520K ........ ........ ........ ........ 3.83M
12812288K ........ ........ ........ ........ 3.86M
12845056K ........ ........ ........ ........ 3.92M
12877824K ........ ........ ........ ........ 3.91M
12910592K ........ ........ ........ ........ 4.02M
12943360K ........ ........ ........ ........ 3.96M
12976128K ........ ........ ........ ........ 3.95M
13008896K ........ ........ ........ ........ 3.80M
13041664K ........ ........ ........ ........ 3.89M
13074432K ........ ........ ........ ........ 3.93M
13107200K ........ ........ ........ ........ 3.95M
13139968K ........ ........ ........ ........ 4.03M
13172736K ........ ........ ........ ........ 3.92M
13205504K ........ ........ ........ ........ 3.85M
13238272K ........ ........ ........ ........ 3.79M
13271040K ........ ........ ........ ........ 4.02M
13303808K ........ ........ ........ ........ 3.97M
13336576K ........ ........ ........ ........ 3.96M
13369344K ........ ........ ........ ........ 3.95M
13402112K ........ ........ ........ ........ 3.94M
13434880K ........ ........ ........ ........ 3.98M
13467648K ........ ........ ........ ........ 3.88M
13500416K ........ ........ ........ ........ 3.94M
13533184K ........ ........ ........ ........ 3.88M
13565952K ........ ........ ........ ........ 3.98M
13598720K ........ ........ ........ ........ 3.94M
13631488K ........ ........ ........ ........ 3.90M
13664256K ........ ........ ........ ........ 4.02M
13697024K ........ ........ ........ ........ 3.94M
13729792K ........ ........ ........ ........ 3.86M
13762560K ........ ........ ........ ........ 3.83M
13795328K ........ ........ ........ ........ 4.00M
13828096K ........ ........ ........ ........ 3.78M
13860864K ........ ........ ........ ........ 3.94M
13893632K ........ ........ ........ ........ 3.95M
13926400K ........ ........ ........ ........ 3.90M
13959168K ........ ........ ........ ........ 3.83M
13991936K ........ ........ ........ ........ 3.98M
14024704K ........ ........ ........ ........ 3.84M
14057472K ........ ........ ........ ........ 3.94M
14090240K ........ ........ ........ ........ 3.90M
14123008K ........ ........ ........ ........ 3.93M
14155776K ........ ........ ........ ........ 4.00M
14188544K ........ ........ ........ ........ 4.02M
14221312K ........ ........ ........ ........ 3.92M
14254080K ........ ........ ........ ........ 3.99M
14286848K ........ ........ ........ ........ 3.90M
14319616K ........ ........ ........ ........ 3.76M
14352384K ........ ........ ........ ........ 3.84M
14385152K ........ ........ ........ ........ 3.88M
14417920K ........ ........ ........ ........ 4.02M
14450688K ........ ........ ........ ........ 4.00M
14483456K ........ ........ ........ ........ 4.03M
14516224K ........ ........ ........ ........ 3.80M
14548992K ........ ........ ........ ........ 3.83M
14581760K ........ ........ ........ ........ 3.94M
14614528K ........ ........ ........ ........ 4.01M
14647296K ........ ........ ........ ........ 3.99M
14680064K ........ ........ ........ ........ 4.00M
14712832K ........ ........ ........ ........ 4.03M
14745600K ........ ........ ........ ........ 4.03M
14778368K ........ ........ ........ ........ 3.97M
14811136K ........ ........ ........ ........ 3.97M
14843904K ........ ........ ........ ........ 3.93M
14876672K ........ ........ ........ ........ 3.89M
14909440K ........ ........ ........ ........ 3.94M
14942208K ........ ........ ........ ........ 3.95M
14974976K ........ ........ ........ ........ 3.89M
15007744K ........ ........ ........ ........ 3.93M
15040512K ........ ........ ........ ........ 4.00M
15073280K ........ ........ ........ ........ 3.93M
15106048K ........ ........ ........ ........ 3.92M
15138816K ........ ........ ........ ........ 4.03M
15171584K ........ ........ ........ ........ 3.98M
15204352K ........ ........ ........ ........ 4.01M
15237120K ........ ........ ........ ........ 3.96M
15269888K ........ ........ ........ ........ 4.00M
15302656K ........ ........ ........ ........ 3.94M
15335424K ........ ........ ........ ........ 3.94M
15368192K ........ ........ ........ ........ 3.97M
15400960K ........ ........ ........ ........ 3.87M
15433728K ........ ........ ........ ........ 3.84M
15466496K ........ ........ ........ ........ 3.76M
15499264K ........ ........ ........ ........ 3.99M
15532032K ........ ........ ........ ........ 4.00M
15564800K ........ ........ ........ ........ 3.95M
15597568K ........ ........ ........ ........ 3.63M
15630336K ........ ........ ........ ........ 3.91M
15663104K ........ ........ ........ ........ 4.01M
15695872K ........ ........ ........ ........ 4.01M
15728640K ........ ........ ........ ........ 3.87M
15761408K ........ ........ ........ ........ 3.99M
15794176K ........ ........ ........ ........ 3.97M
15826944K ........ ........ ........ ........ 3.78M
15859712K ........ ........ ........ ........ 3.93M
15892480K ........ ........ ........ ........ 3.82M
15925248K ........ ........ ........ ........ 3.83M
15958016K ........ ........ ........ ........ 3.99M
15990784K ........ ........ ........ ........ 4.03M
16023552K ........ ........ ........ ........ 3.91M
16056320K ........ ........ ........ ........ 3.91M
16089088K ........ ........ ........ ........ 3.93M
16121856K ........ ........ ........ ........ 3.95M
16154624K ........ ........ ........ ........ 3.88M
16187392K ........ ........ ........ ........ 4.04M
16220160K ........ ........ ........ ........ 3.96M
16252928K ........ ........ ........ ........ 3.74M
16285696K ........ ........ ........ ........ 3.86M
16318464K ........ ........ ........ ........ 3.85M
16351232K ........ ........ ........ ........ 3.87M
16384000K ........ ........ ........ ........ 4.03M
16416768K ........ ........ ........ ........ 3.97M
16449536K ........ ........ ........ ........ 3.92M
16482304K ........ ........ ........ ........ 4.03M
16515072K ........ ........ ........ ........ 3.94M
16547840K ........ ........ ........ ........ 3.98M
16580608K ........ ........ ........ ........ 4.02M
16613376K ........ ........ ........ ........ 3.95M
16646144K ........ ........ ........ ........ 3.97M
16678912K ........ ........ ........ ........ 3.87M
16711680K ........ ........ ........ ........ 3.96M
16744448K ........ ........ ........ ........ 4.00M
16777216K ........ ........ ........ ........ 3.82M
16809984K ........ ........ ........ ........ 3.98M
16842752K ........ ........ ........ ........ 3.95M
16875520K ........ ........ ........ ........ 4.02M
16908288K ........ ........ ........ ........ 3.76M
16941056K ........ ........ ........ ........ 3.95M
16973824K ........ ........ ........ ........ 3.98M
17006592K ........ ........ ........ ........ 4.04M
17039360K ........ ........ ........ ........ 3.98M
17072128K ........ ........ ........ ........ 4.04M
17104896K ........ ........ ........ ........ 3.97M
17137664K ........ ........ ........ ........ 3.97M
17170432K ........ ........ ........ ........ 3.94M
17203200K ........ ........ ........ ........ 3.82M
17235968K ........ ........ ........ ........ 3.78M
17268736K ........ ........ ........ ........ 3.84M
17301504K ........ ........ ........ ........ 3.90M
17334272K ........ ........ ........ ........ 3.87M
17367040K ........ ........ ........ ........ 3.77M
17399808K ........ ........ ........ ........ 3.88M
17432576K ........ ........ ........ ........ 3.86M
17465344K ........ ........ ........ ........ 3.84M
17498112K ........ ........ ........ ........ 3.96M
17530880K ........ ........ ........ ........ 3.85M
17563648K ........ ........ ........ ........ 4.06M
17596416K ........ ........ ........ ........ 3.91M
17629184K ........ ........ ........ ........ 3.97M
17661952K ........ ........ ........ ........ 4.00M
17694720K ........ ........ ........ ........ 3.85M
17727488K ........ ........ ........ ........ 3.81M
17760256K ........ ........ ........ ........ 3.80M
17793024K ........ ........ ........ ........ 3.88M
17825792K ........ ........ ........ ........ 4.01M
17858560K ........ ........ ........ ........ 3.71M
17891328K ........ ........ ........ ........ 3.89M
17924096K ........ ........ ........ ........ 3.87M
17956864K ........ ........ ........ ........ 3.88M
17989632K ........ ........ ........ ........ 4.02M
18022400K ........ ........ ........ ........ 3.87M
18055168K ........ ........ ........ ........ 3.96M
18087936K ........ ........ ........ ........ 3.99M
18120704K ........ ........ ........ ........ 3.93M
18153472K ........ ........ ........ ........ 3.93M
18186240K ........ ........ ........ ........ 3.83M
18219008K ........ ........ ........ ........ 3.96M
18251776K ........ ........ ........ ........ 3.71M
18284544K ........ ........ ........ ........ 4.01M
18317312K ........ ........ ........ ........ 4.02M
18350080K ........ ........ ........ ........ 3.88M
18382848K ........ ........ ........ ........ 3.87M
18415616K ........ ........ ........ ........ 3.95M
18448384K ........ ........ ........ ........ 3.63M
18481152K ........ ........ ........ ........ 3.93M
18513920K ........ ........ ........ ........ 3.78M
18546688K ........ ........ ........ ........ 3.78M
18579456K ........ ........ ........ ........ 3.83M
18612224K ........ ........ ........ ........ 3.95M
18644992K ........ ........ ........ ........ 3.88M
18677760K ........ ........ ........ ........ 3.96M
18710528K ........ ........ ........ ........ 3.79M
18743296K ........ ........ ........ ........ 4.05M
18776064K ........ ........ ........ ........ 3.86M
18808832K ........ ........ ........ ........ 4.00M
18841600K ........ ........ ........ ........ 3.82M
18874368K ........ ........ ........ ........ 3.91M
18907136K ........ ........ ........ ........ 3.83M
18939904K ........ ........ ........ ........ 3.90M
18972672K ........ ........ ........ ........ 3.88M
19005440K ........ ........ ........ ........ 3.60M
19038208K ........ ........ ........ ........ 3.96M
19070976K ........ ........ ........ ........ 3.87M
19103744K ........ ........ ........ ........ 3.91M
19136512K ........ ........ ........ ........ 4.05M
19169280K ........ ........ ........ ........ 4.08M
19202048K ........ ........ ........ ........ 3.99M
19234816K ........ ........ ........ ........ 3.94M
19267584K ........ ........ ........ ........ 3.97M
19300352K ........ ........ ........ ........ 3.83M
19333120K ........ ........ ........ ........ 4.06M
19365888K ........ ........ ........ ........ 3.97M
19398656K ........ ........ ........ ........ 3.95M
19431424K ........ ........ ........ ........ 3.97M
19464192K ........ ........ ........ ........ 4.01M
19496960K ........ ........ ........ ........ 4.07M
19529728K ........ ........ ........ ........ 3.79M
19562496K ........ ........ ........ ........ 4.02M
19595264K ........ ........ ........ ........ 3.98M
19628032K ........ ........ ........ ........ 4.09M
19660800K ........ ........ ........ ........ 4.03M
19693568K ........ ........ ........ ........ 4.04M
19726336K ........ ........ ........ ........ 3.93M
19759104K ........ ........ ........ ........ 3.91M
19791872K ........ ........ ........ ........ 3.92M
19824640K ........ ........ ........ ........ 3.86M
19857408K ........ ........ ........ ........ 3.98M
19890176K ........ ........ ........ ........ 3.97M
19922944K ........ ........ ........ ........ 3.95M
19955712K ........ ........ ........ ........ 3.83M
19988480K ........ ........ ........ ........ 3.78M
20021248K ........ ........ ........ ........ 3.92M
20054016K ........ ........ ........ ........ 3.97M
20086784K ........ ........ ........ ........ 4.02M
20119552K ........ ........ ........ ........ 3.91M
20152320K ........ ........ ........ ........ 3.64M
20185088K ........ ........ ........ ........ 3.82M
20217856K ........ ........ ........ ........ 3.93M
20250624K ........ ........ ........ ........ 3.94M
20283392K ........ ........ ........ ........ 3.81M
20316160K ........ ........ ........ ........ 3.95M
20348928K ........ ........ ........ ........ 3.91M
20381696K ........ ........ ........ ........ 4.00M
20414464K ........ ........ ........ ........ 3.98M
20447232K ........ ........ ........ ........ 3.96M
20480000K ........ ........ ........ ........ 4.06M
20512768K ........ ........ ........ ........ 3.89M
20545536K ........ ........ ........ ........ 3.99M
20578304K ........ ........ ........ ........ 3.87M
20611072K ........ ........ ........ ........ 3.98M
20643840K ........ ........ ........ ........ 3.87M
20676608K ........ ........ ........ ........ 3.96M
20709376K ........ ........ ........ ........ 3.97M
20742144K ........ ........ ........ ........ 3.87M
20774912K ........ ........ ........ ........ 3.83M
20807680K ........ ........ ........ ........ 3.97M
20840448K ........ ........ ........ ........ 3.87M
20873216K ........ ........ ........ ........ 3.98M
20905984K ........ ........ ........ ........ 4.00M
20938752K ........ ........ ........ ........ 4.00M
20971520K ........ ........ ........ ........ 3.95M
21004288K ........ ........ ........ ........ 3.88M
21037056K ........ ........ ........ ........ 3.98M
21069824K ........ ........ ........ ........ 3.97M
21102592K ........ ........ ........ ........ 3.80M
21135360K ........ ........ ........ ........ 3.98M
21168128K ........ ........ ........ ........ 3.92M
21200896K ........ ........ ........ ........ 3.83M
21233664K ........ ........ ........ ........ 3.73M
21266432K ........ ........ ........ ........ 3.94M
21299200K ........ ........ ........ ........ 3.83M
21331968K ........ ........ ........ ........ 3.82M
21364736K ........ ........ ........ ........ 3.86M
21397504K ........ ........ ........ ........ 3.81M
21430272K ........ ........ ........ ........ 4.00M
21463040K ........ ........ ........ ........ 3.91M
21495808K ........ ........ ........ ........ 3.96M
21528576K ........ ........ ........ ........ 4.02M
21561344K ........ ........ ........ ........ 3.75M
21594112K ........ ........ ........ ........ 3.99M
21626880K ........ ........ ........ ........ 3.99M
21659648K ........ ........ ........ ........ 4.01M
21692416K ........ ........ ........ ........ 4.03M
21725184K ........ ........ ........ ........ 3.70M
21757952K ........ ........ ........ ........ 3.91M
21790720K ........ ........ ........ ........ 3.83M
21823488K ........ ........ ........ ........ 3.79M
21856256K ........ ........ ........ ........ 3.92M
21889024K ........ ........ ........ ........ 3.99M
21921792K ........ ........ ........ ........ 4.06M
21954560K ........ ........ ........ ........ 3.96M
21987328K ........ ........ ........ ........ 4.04M
22020096K ........ ........ ........ ........ 3.93M
22052864K ........ ........ ........ ........ 4.00M
22085632K ........ ........ ........ ........ 4.00M
22118400K ........ ........ ........ ........ 3.96M
22151168K ........ ........ ........ ........ 3.90M
22183936K ........ ........ ........ ........ 3.91M
22216704K ........ ........ ........ ........ 4.00M
22249472K ........ ........ ........ ........ 3.89M
22282240K ........ ........ ........ ........ 3.91M
22315008K ........ ........ ........ ........ 3.94M
22347776K ........ ........ ........ ........ 3.96M
22380544K ........ ........ ........ ........ 3.89M
22413312K ........ ........ ........ ........ 3.98M
22446080K ........ ........ ........ ........ 3.88M
22478848K ........ ........ ........ ........ 3.83M
22511616K ........ ........ ........ ........ 4.04M
22544384K ........ ........ ........ ........ 3.99M
22577152K ........ ........ ........ ........ 3.97M
22609920K ........ ........ ........ ........ 3.99M
22642688K ........ ........ ........ ........ 3.98M
22675456K ........ ........ ........ ........ 3.97M
22708224K ........ ........ ........ ........ 3.90M
22740992K ........ ........ ........ ........ 4.02M
22773760K ........ ........ ........ ........ 3.72M
22806528K ........ ........ ........ ........ 3.88M
22839296K ........ ........ ........ ........ 3.89M
22872064K ........ ........ ........ ........ 3.88M
22904832K ........ ........ ........ ........ 3.94M
22937600K ........ ........ ........ ........ 3.93M
22970368K ........ ........ ........ ........ 3.97M
23003136K ........ ........ ........ ........ 4.01M
23035904K ........ ........ ........ ........ 3.94M
23068672K ........ ........ ........ ........ 3.83M
23101440K ........ ........ ........ ........ 4.01M
23134208K ........ ........ ........ ........ 3.96M
23166976K ........ ........ ........ ........ 4.02M
23199744K ........ ........ ........ ........ 3.97M
23232512K ........ ........ ........ ........ 3.94M
23265280K ........ ........ ........ ........ 4.00M
23298048K ........ ........ ........ ........ 3.91M
23330816K ........ ........ ........ ........ 3.86M
23363584K ........ ........ ........ ........ 3.93M
23396352K ........ ........ ........ ........ 4.02M
23429120K ........ ........ ........ ........ 3.87M
23461888K ........ ........ ........ ........ 4.08M
23494656K ........ ........ ........ ........ 3.86M
23527424K ........ ........ ........ ........ 3.94M
23560192K ........ ........ ........ ........ 3.78M
23592960K ........ ........ ........ ........ 4.02M
23625728K ........ ........ ........ ........ 4.03M
23658496K ........ ........ ........ ........ 4.00M
23691264K ........ ........ ........ ........ 4.00M
23724032K ........ ........ ........ ........ 3.96M
23756800K ........ ........ ........ ........ 3.86M
23789568K ........ ........ ........ ........ 4.05M
23822336K ........ ........ ........ ........ 3.99M
23855104K ........ ........ ........ ........ 3.95M
23887872K ........ ........ ........ ........ 3.87M
23920640K ........ ........ ........ ........ 4.01M
23953408K ........ ........ ........ ........ 3.89M
23986176K ........ ........ ........ ........ 3.92M
24018944K ........ ........ ........ ........ 4.02M
24051712K ........ ........ ........ ........ 3.96M
24084480K ........ ........ ........ ........ 3.93M
24117248K ........ ........ ........ ........ 3.92M
24150016K ........ ........ ........ ........ 3.91M
24182784K ........ ........ ........ ........ 3.84M
24215552K ........ ........ ........ ........ 3.84M
24248320K ........ ........ ........ ........ 3.89M
24281088K ........ ........ ........ ........ 3.89M
24313856K ........ ........ ........ ........ 3.77M
24346624K ........ ........ ........ ........ 4.04M
24379392K ........ ........ ........ ........ 3.93M
24412160K ........ ........ ........ ........ 3.97M
24444928K ........ ........ ........ ........ 3.94M
24477696K ........ ........ ........ ........ 3.98M
24510464K ........ ........ ........ ........ 3.88M
24543232K ........ ........ ........ ........ 3.85M
24576000K ........ ........ ........ ........ 3.86M
24608768K ........ ........ ........ ........ 3.87M
24641536K ........ ........ ........ ........ 3.72M
24674304K ........ ........ ........ ........ 3.89M
24707072K ........ ........ ........ ........ 3.91M
24739840K ........ ........ ........ ........ 3.90M
24772608K ........ ........ ........ ........ 3.83M
24805376K ........ ........ ........ ........ 4.01M
24838144K ........ ........ ........ ........ 3.98M
24870912K ........ ........ ........ ........ 3.87M
24903680K ........ ........ ........ ........ 3.98M
24936448K ........ ........ ........ ........ 3.86M
24969216K ........ ........ ........ ........ 3.90M
25001984K ........ ........ ........ ........ 3.90M
25034752K ........ ........ ........ ........ 3.90M
25067520K ........ ........ ........ ........ 3.94M
25100288K ........ ........ ........ ........ 3.82M
25133056K ........ ........ ........ ........ 3.91M
25165824K ........ ........ ........ ........ 3.91M
25198592K ........ ........ ........ ........ 4.04M
25231360K ........ ........ ........ ........ 3.99M
25264128K ........ ........ ........ ........ 3.96M
25296896K ........ ........ ........ ........ 3.93M
25329664K ........ ........ ........ ........ 3.88M
25362432K ........ ........ ........ ........ 3.99M
25395200K ........ ........ ........ ........ 3.98M
25427968K ........ ........ ........ ........ 3.63M
25460736K ........ ........ ........ ........ 3.80M
25493504K ........ ........ ........ ........ 3.97M
25526272K ........ ........ ........ ........ 4.03M
25559040K ........ ........ ........ ........ 3.92M
25591808K ........ ........ ........ ........ 3.78M
25624576K ........ ........ ........ ........ 3.96M
25657344K ........ ........ ........ ........ 3.95M
25690112K ........ ........ ........ ........ 3.89M
25722880K ........ ........ ........ ........ 3.82M
25755648K ........ ........ ........ ........ 3.91M
25788416K ........ ........ ........ ........ 3.99M
25821184K ........ ........ ........ ........ 3.95M
25853952K ........ ........ ........ ........ 3.97M
25886720K ........ ........ ........ ........ 3.91M
25919488K ........ ........ ........ ........ 3.95M
25952256K ........ ........ ........ ........ 3.85M
25985024K ........ ........ ........ ........ 3.85M
26017792K ........ ........ ........ ........ 3.95M
26050560K ........ ........ ........ ........ 3.97M
26083328K ........ ........ ........ ........ 3.84M
26116096K ........ ........ ........ ........ 3.87M
26148864K ........ ........ ........ ........ 3.92M
26181632K ........ ........ ........ ........ 3.87M
26214400K ........ ........ ........ ........ 3.88M
26247168K ........ ........ ........ ........ 3.85M
26279936K ........ ........ ........ ........ 4.03M
26312704K ........ ........ ........ ........ 3.93M
26345472K ........ ........ ........ ........ 3.92M
26378240K ........ ........ ........ ........ 3.68M
26411008K ........ ........ ........ ........ 3.88M
26443776K ........ ........ ........ ........ 4.01M
26476544K ........ ........ ........ ........ 3.89M
26509312K ........ ........ ........ ........ 3.85M
26542080K ........ ........ ........ ........ 3.97M
26574848K ........ ........ ........ ........ 3.98M
26607616K ........ ........ ........ ........ 4.02M
26640384K ........ ........ ........ ........ 3.97M
26673152K ........ ........ ........ ........ 3.91M
26705920K ........ ........ ........ ........ 3.91M
26738688K ........ ........ ........ ........ 4.02M
26771456K ........ ........ ........ ........ 3.95M
26804224K ........ ........ ........ ........ 3.94M
26836992K ........ ........ ........ ........ 3.98M
26869760K ........ ........ ........ ........ 4.06M
26902528K ........ ........ ........ ........ 3.91M
26935296K ........ ........ ........ ........ 3.82M
26968064K ........ ........ ........ ........ 3.82M
27000832K ........ ........ ........ ........ 3.97M
27033600K ........ ........ ........ ........ 4.05M
27066368K ........ ........ ........ ........ 3.91M
27099136K ........ ........ ........ ........ 4.06M
27131904K ........ ........ ........ ........ 3.86M
27164672K ........ ........ ........ ........ 3.98M
27197440K ........ ........ ........ ........ 3.95M
27230208K ........ ........ ........ ........ 3.90M
27262976K ........ ........ ........ ........ 4.02M
27295744K ........ ........ ........ ........ 3.89M
27328512K ........ ........ ........ ........ 4.01M
27361280K ........ ........ ........ ........ 3.94M
27394048K ........ ........ ........ ........ 3.99M
27426816K ........ ........ ........ ........ 3.93M
27459584K ........ ........ ........ ........ 3.99M
27492352K ........ ........ ........ ........ 4.07M
27525120K ........ ........ ........ ........ 4.00M
27557888K ........ ........ ........ ........ 3.91M
27590656K ........ ........ ........ ........ 3.93M
27623424K ........ ........ ........ ........ 4.05M
27656192K ........ ........ ........ ........ 3.96M
27688960K ........ ........ ........ ........ 3.92M
27721728K ........ ........ ........ ........ 3.83M
27754496K ........ ........ ........ ........ 4.05M
27787264K ........ ........ ........ ........ 4.00M
27820032K ........ ........ ........ ........ 3.99M
27852800K ........ ........ ........ ........ 3.97M
27885568K ........ ........ ........ ........ 4.06M
27918336K ........ ........ ........ ........ 3.82M
27951104K ........ ........ ........ ........ 4.04M
27983872K ........ ........ ........ ........ 3.94M
28016640K ........ ........ ........ ........ 3.98M
28049408K ........ ........ ........ ........ 3.88M
28082176K ........ ........ ........ ........ 3.95M
28114944K ........ ........ ........ ........ 3.81M
28147712K ........ ........ ........ ........ 3.89M
28180480K ........ ........ ........ ........ 3.89M
28213248K ........ ........ ........ ........ 4.00M
28246016K ........ ........ ........ ........ 3.94M
28278784K ........ ........ ........ ........ 3.93M
28311552K ........ ........ ........ ........ 3.99M
28344320K ........ ........ ........ ........ 4.04M
28377088K ........ ........ ........ ........ 3.89M
28409856K ........ ........ ........ ........ 3.92M
28442624K ........ ........ ........ ........ 3.97M
28475392K ........ ........ ........ ........ 4.03M
28508160K ........ ........ ........ ........ 4.03M
28540928K ........ ........ ........ ........ 3.94M
28573696K ........ ........ ........ ........ 3.93M
28606464K ........ ........ ........ ........ 4.05M
28639232K ........ ........ ........ ........ 3.93M
28672000K ........ ........ ........ ........ 4.03M
28704768K ........ ........ ........ ........ 4.03M
28737536K ........ ........ ........ ........ 4.07M
28770304K ........ ........ ........ ........ 4.00M
28803072K ........ ........ ........ ........ 3.90M
28835840K ........ ........ ........ ........ 3.99M
28868608K ........ ........ ........ ........ 4.03M
28901376K ........ ........ ........ ........ 3.93M
28934144K ........ ........ ........ ........ 4.02M
28966912K ........ ........ ........ ........ 3.91M
28999680K ........ ........ ........ ........ 3.99M
29032448K ........ ........ ........ ........ 4.09M
29065216K ........ ........ ........ ........ 4.08M
29097984K ........ ........ ........ ........ 4.03M
29130752K ........ ........ ........ ........ 3.96M
29163520K ........ ........ ........ ........ 3.92M
29196288K ........ ........ ........ ........ 4.06M
29229056K ........ ........ ........ ........ 3.98M
29261824K ........ ........ ........ ........ 3.92M
29294592K ........ ........ ........ ........ 3.99M
29327360K ........ ........ ........ ........ 3.97M
29360128K ........ ........ ........ ........ 3.97M
29392896K ........ ........ ........ ........ 4.05M
29425664K ........ ........ ........ ........ 4.00M
29458432K ........ ........ ........ ........ 3.91M
29491200K ........ ........ ........ ........ 4.02M
29523968K ........ ........ ........ ........ 3.95M
29556736K ........ ........ ........ ........ 3.92M
29589504K ........ ........ ........ ........ 3.96M
29622272K ........ ........ ........ ........ 3.98M
29655040K ........ ........ ........ ........ 3.79M
29687808K ........ ........ ........ ........ 4.07M
29720576K ........ ........ ........ ........ 3.99M
29753344K ........ ........ ........ ........ 4.02M
29786112K ........ ........ ........ ........ 3.94M
29818880K ........ ........ ........ ........ 3.85M
29851648K ........ ........ ........ ........ 3.97M
29884416K ........ ........ ........ ........ 3.97M
29917184K ........ ........ ........ ........ 3.78M
29949952K ........ ........ ........ ........ 3.91M
29982720K ........ ........ ........ ........ 4.01M
30015488K ........ ........ ........ ........ 4.04M
30048256K ........ ........ ........ ........ 3.84M
30081024K ........ ........ ........ ........ 4.01M
30113792K ........ ........ ........ ........ 3.97M
30146560K ........ ........ ........ ........ 4.01M
30179328K ........ ........ ........ ........ 3.91M
30212096K ........ ........ ........ ........ 3.98M
30244864K ........ ........ ........ ........ 4.06M
30277632K ........ ........ ........ ........ 3.98M
30310400K ........ ........ ........ ........ 3.93M
30343168K ........ ........ ........ ........ 3.93M
30375936K ........ ........ ........ ........ 3.99M
30408704K ........ ........ ........ ........ 3.92M
30441472K ........ ........ ........ ........ 3.81M
30474240K ........ ........ ........ ........ 3.95M
30507008K ........ ........ ........ ........ 3.82M
30539776K ........ ........ ........ ........ 3.95M
30572544K ........ ........ ........ ........ 3.91M
30605312K ........ ........ ........ ........ 4.00M
30638080K ........ ........ ........ ........ 4.02M
30670848K ........ ........ ........ ........ 3.96M
30703616K ........ ........ ........ ........ 4.04M
30736384K ........ ........ ........ ........ 4.03M
30769152K ........ ........ ........ ........ 3.96M
30801920K ........ ........ ........ ........ 3.94M
30834688K ........ ........ ........ ........ 4.00M
30867456K ........ ........ ........ ........ 4.05M
30900224K ........ ........ ........ ........ 3.91M
30932992K ........ ........ ........ ........ 3.88M
30965760K ........ ........ ........ ........ 3.84M
30998528K ........ ........ ........ ........ 3.95M
31031296K ........ ........ ........ ........ 3.98M
31064064K ........ ........ ........ ........ 4.03M
31096832K ........ ........ ........ ........ 3.83M
31129600K ........ ........ ........ ........ 3.98M
31162368K ........ ........ ........ ........ 4.04M
31195136K ........ ........ ........ ........ 3.89M
31227904K ........ ........ ........ ........ 3.95M
31260672K ........ ........ ........ ........ 3.86M
31293440K ........ ........ ........ ........ 4.07M
31326208K ........ ........ ........ ........ 4.05M
31358976K ........ ........ ........ ........ 4.03M
31391744K ........ ........ ........ ........ 3.99M
31424512K ........ ........ ........ ........ 3.95M
31457280K ........ ........ ........ ........ 3.96M
31490048K ........ ........ ........ ........ 4.03M
31522816K ........ ........ ........ ........ 3.90M
31555584K ........ ........ ........ ........ 3.96M
31588352K ........ ........ ........ ........ 4.03M
31621120K ........ ........ ........ ........ 4.05M
31653888K ........ ........ ........ ........ 3.78M
31686656K ........ ........ ........ ........ 4.01M
31719424K ........ ........ ........ ........ 3.99M
31752192K ........ ........ ........ ........ 3.87M
31784960K ........ ........ ........ ........ 4.02M
31817728K ........ ........ ........ ........ 3.99M
31850496K ........ ........ ........ ........ 4.10M
31883264K ........ ........ ........ ........ 3.94M
31916032K ........ ........ ........ ........ 4.01M
31948800K ........ ........ ........ ........ 3.97M
31981568K ........ ........ ........ ........ 3.92M
32014336K ........ ........ ........ ........ 3.96M
32047104K ........ ........ ........ ........ 4.04M
32079872K ........ ........ ........ ........ 4.06M
32112640K ........ ........ ........ ........ 4.01M
32145408K ........ ........ ........ ........ 3.97M
32178176K ........ ........ ........ ........ 3.86M
32210944K ........ ........ ........ ........ 3.91M
32243712K ........ ........ ........ ........ 4.06M
32276480K ........ ........ ........ ........ 4.00M
32309248K ........ ........ ........ ........ 4.07M
32342016K ........ ........ ........ ........ 3.94M
32374784K ........ ........ ........ ........ 3.98M
32407552K ........ ........ ........ ........ 3.96M
32440320K ........ ........ ........ ........ 3.99M
32473088K ........ ........ ........ ........ 3.95M
32505856K ........ ........ ........ ........ 3.97M
32538624K ........ ........ ........ ........ 3.98M
32571392K ........ ........ ........ ........ 3.83M
32604160K ........ ........ ........ ........ 4.00M
32636928K ........ ........ ........ ........ 3.98M
32669696K ........ ........ ........ ........ 4.08M
32702464K ........ ........ ........ ........ 4.02M
32735232K ........ ........ ........ ........ 4.06M
32768000K ........ ........ ........ ........ 3.96M
32800768K ........ ........ ........ ........ 3.93M
32833536K ........ ........ ........ ........ 3.91M
32866304K ........ ........ ........ ........ 4.00M
32899072K ........ ........ ........ ........ 3.99M
32931840K ........ ........ ........ ........ 3.97M
32964608K ........ ........ ........ ........ 3.98M
32997376K ........ ........ ........ ........ 3.97M
33030144K ........ ........ ........ ........ 3.98M
33062912K ........ ........ ........ ........ 3.94M
33095680K ........ ........ ........ ........ 4.04M
33128448K ........ ........ ........ ........ 4.01M
33161216K ........ ........ ........ ........ 3.91M
33193984K ........ ........ ........ ........ 4.05M
33226752K ........ ........ ........ ........ 3.93M
33259520K ........ ........ ........ ........ 4.01M
33292288K ........ ........ ........ ........ 3.96M
33325056K ........ ........ ........ ........ 3.91M
33357824K ........ ........ ........ ........ 4.03M
33390592K ........ ........ ........ ........ 4.00M
33423360K ........ ........ ........ ........ 3.97M
33456128K ........ ........ ........ ........ 4.09M
33488896K ........ ........ ........ ........ 4.01M
33521664K ........ ........ ........ ........ 3.95M
33554432K ........ ........ ........ ........ 3.91M
33587200K ........ ........ ........ ........ 3.90M
33619968K ........ ........ ........ ........ 4.03M
33652736K ........ ........ ........ ........ 3.94M
33685504K ........ ........ ........ ........ 3.92M
33718272K ........ ........ ........ ........ 3.99M
33751040K ........ ........ ........ ........ 4.01M
33783808K ........ ........ ........ ........ 4.01M
33816576K ........ ........ ........ ........ 3.99M
33849344K ........ ........ ........ ........ 4.07M
33882112K ........ ........ ........ ........ 4.00M
33914880K ........ ........ ........ ........ 3.96M
33947648K ........ ........ ........ ........ 3.83M
33980416K ........ ........ ........ ........ 3.95M
34013184K ........ ........ ........ ........ 3.92M
34045952K ........ ........ ........ ........ 4.07M
34078720K ........ ........ ........ ........ 4.01M
34111488K ........ ........ ........ ........ 4.08M
34144256K ........ ........ ........ ........ 4.04M
34177024K ........ ........ ........ ........ 4.00M
34209792K ........ ........ ........ ........ 3.98M
34242560K ........ ........ ........ ........ 4.03M
34275328K ........ ........ ........ ........ 4.03M
34308096K ........ ........ ........ ........ 4.03M
34340864K ........ ........ ........ ........ 3.99M
34373632K ........ ........ ........ ........ 4.04M
34406400K ........ ........ ........ ........ 4.01M
34439168K ........ ........ ........ ........ 3.94M
34471936K ........ ........ ........ ........ 4.02M
34504704K ........ ........ ........ ........ 3.96M
34537472K ........ ........ ........ ........ 3.97M
34570240K ........ ........ ........ ........ 4.01M
34603008K ........ ........ ........ ........ 4.06M
34635776K ........ ........ ........ ........ 4.00M
34668544K ........ ........ ........ ........ 3.94M
34701312K ........ ........ ........ ........ 4.03M
34734080K ........ ........ ........ ........ 3.98M
34766848K ........ ........ ........ ........ 3.92M
34799616K ........ ........ ........ ........ 4.02M
34832384K ........ ........ ........ ........ 4.01M
34865152K ........ ........ ........ ........ 3.98M
34897920K ........ ........ ........ ........ 3.88M
34930688K ........ ........ ........ ........ 4.04M
34963456K ........ ........ ........ ........ 3.97M
34996224K ........ ........ ........ ........ 4.03M
35028992K ........ ........ ........ ........ 4.10M
35061760K ........ ........ ........ ........ 3.96M
35094528K ........ ........ ........ ........ 3.94M
35127296K ........ ........ ........ ........ 4.02M
35160064K ........ ........ ........ ........ 3.95M
35192832K ........ ........ ........ ........ 3.93M
35225600K ........ ........ ........ ........ 4.04M
35258368K ........ ........ ........ ........ 3.91M
35291136K ........ ........ ........ ........ 3.91M
35323904K ........ ........ ........ ........ 3.99M
35356672K ........ ........ ........ ........ 3.97M
35389440K ........ ........ ........ ........ 3.98M
35422208K ........ ........ ........ ........ 3.89M
35454976K ........ ........ ........ ........ 3.92M
35487744K ........ ........ ........ ........ 4.06M
35520512K ........ ........ ........ ........ 3.91M
35553280K ........ ........ ........ ........ 4.02M
35586048K ........ ........ ........ ........ 3.87M
35618816K ........ ........ ........ ........ 3.97M
35651584K ........ ........ ........ ........ 4.07M
35684352K ........ ........ ........ ........ 3.92M
35717120K ........ ........ ........ ........ 3.90M
35749888K ........ ........ ........ ........ 4.02M
35782656K ........ ........ ........ ........ 3.97M
35815424K ........ ........ ........ ........ 3.91M
35848192K ........ ........ ........ ........ 4.01M
35880960K ........ ........ ........ ........ 3.98M
35913728K ........ ........ ........ ........ 4.05M
35946496K ........ ........ ........ ........ 3.96M
35979264K ........ ........ ........ ........ 3.97M
36012032K ........ ........ ........ ........ 3.97M
36044800K ........ ........ ........ ........ 4.07M
36077568K ........ ........ ........ ........ 4.04M
36110336K ........ ........ ........ ........ 4.01M
36143104K ........ ........ ........ ........ 3.89M
36175872K ........ ........ ........ ........ 4.07M
36208640K ........ ........ ........ ........ 4.05M
36241408K ........ ........ ........ ........ 3.95M
36274176K ........ ........ ........ ........ 3.86M
36306944K ........ ........ ........ ........ 3.89M
36339712K ........ ........ ........ ........ 3.89M
36372480K ........ ........ ........ ........ 4.10M
36405248K ........ ........ ........ ........ 3.94M
36438016K ........ ........ ........ ........ 3.99M
36470784K ........ ........ ........ ........ 4.07M
36503552K ........ ........ ........ ........ 3.92M
36536320K ........ ........ ........ ........ 3.92M
36569088K ........ ........ ........ ........ 4.03M
36601856K ........ ........ ........ ........ 3.85M
36634624K ........ ........ ........ ........ 3.91M
36667392K ........ ........ ........ ........ 4.07M
36700160K ........ ........ ........ ........ 4.04M
36732928K ........ ........ ........ ........ 4.11M
36765696K ........ ........ ........ ........ 3.99M
36798464K ........ ........ ........ ........ 3.82M
36831232K ........ ........ ........ ........ 3.93M
36864000K ........ ........ ........ ........ 4.06M
36896768K ........ ........ ........ ........ 4.02M
36929536K ........ ........ ........ ........ 4.02M
36962304K ........ ........ ........ ........ 3.92M
36995072K ........ ........ ........ ........ 4.02M
37027840K ........ ........ ........ ........ 3.99M
37060608K ........ ........ ........ ........ 4.02M
37093376K ........ ........ ........ ........ 4.04M
37126144K ........ ........ ........ ........ 4.00M
37158912K ........ ........ ........ ........ 4.04M
37191680K ........ ........ ........ ........ 4.09M
37224448K ........ ........ ........ ........ 4.08M
37257216K ........ ........ ........ ........ 3.97M
37289984K ........ ........ ........ ........ 3.98M
37322752K ........ ........ ........ ........ 3.77M
37355520K ........ ........ ........ ........ 3.93M
37388288K ........ ........ ........ ........ 4.09M
37421056K ........ ........ ........ ........ 3.96M
37453824K ........ ........ ........ ........ 3.95M
37486592K ........ ........ ........ ........ 3.94M
37519360K ........ ........ ........ ........ 3.95M
37552128K ........ ........ ........ ........ 3.91M
37584896K ........ ........ ........ ........ 3.97M
37617664K ........ ........ ........ ........ 4.10M
37650432K ........ ........ ........ ........ 3.98M
37683200K ........ ........ ........ ........ 4.05M
37715968K ........ ........ ........ ........ 3.89M
37748736K ........ ........ ........ ........ 3.94M
37781504K ........ ........ ........ ........ 3.95M
37814272K ........ ........ ........ ........ 3.87M
37847040K ........ ........ ........ ........ 3.92M
37879808K ........ ........ ........ ........ 3.92M
37912576K ........ ........ ........ ........ 3.96M
37945344K ........ ........ ........ ........ 3.92M
37978112K ........ ........ ........ ........ 3.98M
38010880K ........ ........ ........ ........ 4.00M
38043648K ........ ........ ........ ........ 4.05M
38076416K ........ ........ ........ ........ 3.96M
38109184K ........ ........ ........ ........ 3.95M
38141952K ........ ........ ........ ........ 3.95M
38174720K ........ ........ ........ ........ 3.99M
38207488K ........ ........ ........ ........ 3.99M
38240256K ........ ........ ........ ........ 3.90M
38273024K ........ ........ ........ ........ 4.01M
38305792K ........ ........ ........ ........ 3.92M
38338560K ........ ........ ........ ........ 4.04M
38371328K ........ ........ ........ ........ 4.01M
38404096K ........ ........ ........ ........ 3.97M
38436864K ........ ........ ........ ........ 3.96M
38469632K ........ ........ ........ ........ 3.98M
38502400K ........ ........ ........ ........ 3.96M
38535168K ........ ........ ........ ........ 3.99M
38567936K ........ ........ ........ ........ 3.91M
38600704K ........ ........ ........ ........ 3.99M
38633472K ........ ........ ........ ........ 3.95M
38666240K ........ ........ ........ ........ 4.01M
38699008K ........ ........ ........ ........ 3.91M
38731776K ........ ........ ........ ........ 4.01M
38764544K ........ ........ ........ ........ 4.03M
38797312K ........ ........ ........ ........ 4.02M
38830080K ........ ........ ........ ........ 3.94M
38862848K ........ ........ ........ ........ 4.05M
38895616K ........ ........ ........ ........ 3.95M
38928384K ........ ........ ........ ........ 4.08M
38961152K ........ ........ ........ ........ 4.01M
38993920K ........ ........ ........ ........ 3.93M
39026688K ........ ........ ........ ........ 3.90M
39059456K ........ ........ ........ ........ 4.03M
39092224K ........ ........ ........ ........ 3.96M
39124992K ........ ........ ........ ........ 3.99M
39157760K ........ ........ ........ ........ 4.06M
39190528K ........ ........ ........ ........ 4.05M
39223296K ........ ........ ........ ........ 3.99M
39256064K ........ ........ ........ ........ 4.00M
39288832K ........ ........ ........ ........ 3.85M
39321600K ........ ........ ........ ........ 4.04M
39354368K ........ ........ ........ ........ 3.98M
39387136K ........ ........ ........ ........ 3.87M
39419904K ........ ........ ........ ........ 4.04M
39452672K ........ ........ ........ ........ 3.89M
39485440K ........ ........ ........ ........ 3.99M
39518208K ........ ........ ........ ........ 3.98M
39550976K ........ ........ ........ ........ 4.03M
39583744K ........ ........ ........ ........ 3.99M
39616512K ........ ........ ........ ........ 3.88M
39649280K ........ ........ ........ ........ 3.95M
39682048K ........ ........ ........ ........ 3.92M
39714816K ........ ........ ........ ........ 3.92M
39747584K ........ ........ ........ ........ 4.00M
39780352K ........ ........ ........ ........ 4.02M
39813120K ........ ........ ........ ........ 3.90M
39845888K ........ ........ ........ ........ 3.95M
39878656K ........ ........ ........ ........ 4.02M
39911424K ........ ........ ........ ........ 3.92M
39944192K ........ ........ ........ ........ 3.95M
39976960K ........ ........ ........ ........ 3.89M
40009728K ........ ........ ........ ........ 3.95M
40042496K ........ ........ ........ ........ 4.05M
40075264K ........ ........ ........ ........ 3.99M
40108032K ........ ........ ........ ........ 3.97M
40140800K ........ ........ ........ ........ 3.92M
40173568K ........ ........ ........ ........ 4.09M
40206336K ........ ........ ........ ........ 3.99M
40239104K ........ ........ ........ ........ 4.03M
40271872K ........ ........ ........ ........ 3.89M
40304640K ........ ........ ........ ........ 3.93M
40337408K ........ ........ ........ ........ 3.97M
40370176K ........ ........ ........ ........ 3.96M
40402944K ........ ........ ........ ........ 4.01M
40435712K ........ ........ ........ ........ 3.92M
40468480K ........ ........ ........ ........ 3.95M
40501248K ........ ........ ........ ........ 4.08M
40534016K ........ ........ ........ ........ 3.87M
40566784K ........ ........ ........ ........ 4.03M
40599552K ........ ........ ........ ........ 3.99M
40632320K ........ ........ ........ ........ 3.98M
40665088K ........ ........ ........ ........ 3.93M
40697856K ........ ........ ........ ........ 3.94M
40730624K ........ ........ ........ ........ 3.92M
40763392K ........ ........ ........ ........ 3.90M
40796160K ........ ........ ........ ........ 3.85M
40828928K ........ ........ ........ ........ 3.99M
40861696K ........ ........ ........ ........ 3.95M
40894464K ........ ........ ........ ........ 4.05M
40927232K ........ ........ ........ ........ 4.06M
40960000K ........ ........ ........ ........ 4.06M
40992768K ........ ........ ........ ........ 3.90M
41025536K ........ ........ ........ ........ 3.93M
41058304K ........ ........ ........ ........ 3.98M
41091072K ........ ........ ........ ........ 4.00M
41123840K ........ ........ ........ ........ 4.03M
41156608K ........ ........ ........ ........ 4.02M
41189376K ........ ........ ........ ........ 3.95M
41222144K ........ ........ ........ ........ 4.03M
41254912K ........ ........ ........ ........ 4.03M
41287680K ........ ........ ........ ........ 4.06M
41320448K ........ ........ ........ ........ 3.94M
41353216K ........ ........ ........ ........ 3.98M
41385984K ........ ........ ........ ........ 3.92M
41418752K ........ ........ ........ ........ 3.92M
41451520K ........ ........ ........ ........ 3.90M
41484288K ........ ........ ........ ........ 3.91M
41517056K ........ ........ ........ ........ 3.93M
41549824K ........ ........ ........ ........ 3.94M
41582592K ........ ........ ........ ........ 3.90M
41615360K ........ ........ ........ ........ 3.99M
41648128K ........ ........ ........ ........ 3.85M
41680896K ........ ........ ........ ........ 3.97M
41713664K ........ ........ ........ ........ 3.98M
41746432K ........ ........ ........ ........ 3.85M
41779200K ........ ........ ........ ........ 3.75M
41811968K ........ ........ ........ ........ 4.01M
41844736K ........ ........ ........ ........ 3.86M
41877504K ........ ........ ........ ........ 3.95M
41910272K ........ ........ ........ ........ 3.97M
41943040K ........ ........ ........ ........ 3.85M
41975808K ........ ........ ........ ........ 3.93M
42008576K ........ ........ ........ ........ 3.87M
42041344K ........ ........ ........ ........ 3.96M
42074112K ........ ........ ........ ........ 3.96M
42106880K ........ ........ ........ ........ 3.99M
42139648K ........ ........ ........ ........ 3.88M
42172416K ........ ........ ........ ........ 3.84M
42205184K ........ ........ ........ ........ 3.91M
42237952K ........ ........ ........ ........ 3.94M
42270720K ........ ........ ........ ........ 3.96M
42303488K ........ ........ ........ ........ 3.96M
42336256K ........ ........ ........ ........ 3.87M
42369024K ........ ........ ........ ........ 4.03M
42401792K ........ ........ ........ ........ 3.75M
42434560K ........ ........ ........ ........ 3.98M
42467328K ........ ........ ........ ........ 3.82M
42500096K ........ ........ ........ ........ 3.85M
42532864K ........ ........ ........ ........ 4.06M
42565632K ........ ........ ........ ........ 3.99M
42598400K ........ ........ ........ ........ 4.01M
42631168K ........ ........ ........ ........ 3.90M
42663936K ........ ........ ........ ........ 3.97M
42696704K ........ ........ ........ ........ 3.94M
42729472K ........ ........ ........ ........ 3.92M
42762240K ........ ........ ........ ........ 3.85M
42795008K ........ ........ ........ ........ 3.88M
42827776K ........ ........ ........ ........ 3.92M
42860544K ........ ........ ........ ........ 3.91M
42893312K ........ ........ ........ ........ 3.92M
42926080K ........ ........ ........ ........ 3.91M
42958848K ........ ........ ........ ........ 3.85M
42991616K ........ ........ ........ ........ 3.88M
43024384K ........ ........ ........ ........ 3.92M
43057152K ........ ........ ........ ........ 3.81M
43089920K ........ ........ ........ ........ 4.03M
43122688K ........ ........ ........ ........ 3.97M
43155456K ........ ........ ........ ........ 4.01M
43188224K ........ ........ ........ ........ 3.90M
43220992K ........ ........ ........ ........ 3.92M
43253760K ........ ........ ........ ........ 3.87M
43286528K ........ ........ ........ ........ 3.87M
43319296K ........ ........ ........ ........ 4.00M
43352064K ........ ........ ........ ........ 4.03M
43384832K ........ ........ ........ ........ 3.90M
43417600K ........ ........ ........ ........ 3.87M
43450368K ........ ........ ........ ........ 3.77M
43483136K ........ ........ ........ ........ 3.79M
43515904K ........ ........ ........ ........ 3.88M
43548672K ........ ........ ........ ........ 3.76M
43581440K ........ ........ ........ ........ 3.87M
43614208K ........ ........ ........ ........ 3.91M
43646976K ........ ........ ........ ........ 3.93M
43679744K ........ ........ ........ ........ 3.94M
43712512K ........ ........ ........ ........ 3.87M
43745280K ........ ........ ........ ........ 4.01M
43778048K ........ ........ ........ ........ 3.97M
43810816K ........ ........ ........ ........ 3.83M
43843584K ........ ........ ........ ........ 3.89M
43876352K ........ ........ ........ ........ 3.81M
43909120K ........ ........ ........ ........ 3.89M
43941888K ........ ........ ........ ........ 4.07M
43974656K ........ ........ ........ ........ 3.88M
44007424K ........ ........ ........ ........ 3.93M
44040192K ........ ........ ........ ........ 3.83M
44072960K ........ ........ ........ ........ 4.01M
44105728K ........ ........ ........ ........ 3.93M
44138496K ........ ........ ........ ........ 3.98M
44171264K ........ ........ ........ ........ 4.04M
44204032K ........ ........ ........ ........ 4.06M
44236800K ........ ........ ........ ........ 4.02M
44269568K ........ ........ ........ ........ 3.91M
44302336K ........ ........ ........ ........ 4.07M
44335104K ........ ........ ........ ........ 3.86M
44367872K ........ ........ ........ ........ 3.95M
44400640K ........ ........ ........ ........ 3.85M
44433408K ........ ........ ........ ........ 4.00M
44466176K ........ ........ ........ ........ 3.88M
44498944K ........ ........ ........ ........ 3.94M
44531712K ........ ........ ........ ........ 3.93M
44564480K ........ ........ ........ ........ 3.92M
44597248K ........ ........ ........ ........ 3.80M
44630016K ........ ........ ........ ........ 3.99M
44662784K ........ ........ ........ ........ 3.93M
44695552K ........ ........ ........ ........ 3.98M
44728320K ........ ........ ........ ........ 3.89M
44761088K ........ ........ ........ ........ 3.90M
44793856K ........ ........ ........ ........ 3.85M
44826624K ........ ........ ........ ........ 3.90M
44859392K ........ ........ ........ ........ 3.92M
44892160K ........ ........ ........ ........ 3.87M
44924928K ........ ........ ........ ........ 3.86M
44957696K ........ ........ ........ ........ 3.92M
44990464K ........ ........ ........ ........ 4.02M
45023232K ........ ........ ........ ........ 4.09M
45056000K ........ ........ ........ ........ 3.94M
45088768K ........ ........ ........ ........ 3.95M
45121536K ........ ........ ........ ........ 3.87M
45154304K ........ ........ ........ ........ 3.88M
45187072K ........ ........ ........ ........ 4.00M
45219840K ........ ........ ........ ........ 3.89M
45252608K ........ ........ ........ ........ 3.96M
45285376K ........ ........ ........ ........ 3.96M
45318144K ........ ........ ........ ........ 3.96M
45350912K ........ ........ ........ ........ 4.04M
45383680K ........ ........ ........ ........ 3.88M
45416448K ........ ........ ........ ........ 3.93M
45449216K ........ ........ ........ ........ 3.84M
45481984K ........ ........ ........ ........ 3.86M
45514752K ........ ........ ........ ........ 3.91M
45547520K ........ ........ ........ ........ 3.90M
45580288K ........ ........ ........ ........ 3.99M
45613056K ........ ........ ........ ........ 3.73M
45645824K ........ ........ ........ ........ 3.99M
45678592K ........ ........ ........ ........ 3.93M
45711360K ........ ........ ........ ........ 3.75M
45744128K ........ ........ ........ ........ 3.91M
45776896K ........ ........ ........ ........ 3.78M
45809664K ........ ........ ........ ........ 4.00M
45842432K ........ ........ ........ ........ 4.03M
45875200K ........ ........ ........ ........ 3.99M
45907968K ........ ........ ........ ........ 4.03M
45940736K ........ ........ ........ ........ 3.81M
45973504K ........ ........ ........ ........ 3.88M
46006272K ........ ........ ........ ........ 3.92M
46039040K ........ ........ ........ ........ 3.91M
46071808K ........ ........ ........ ........ 3.77M
46104576K ........ ........ ........ ........ 3.89M
46137344K ........ ........ ........ ........ 3.97M
46170112K ........ ........ ........ ........ 3.87M
46202880K ........ ........ ........ ........ 3.96M
46235648K ........ ........ ........ ........ 4.05M
46268416K ........ ........ ........ ........ 3.96M
46301184K ........ ........ ........ ........ 3.82M
46333952K ........ ........ ........ ........ 3.96M
46366720K ........ ........ ........ ........ 3.94M
46399488K ........ ........ ........ ........ 3.96M
46432256K ........ ........ ........ ........ 3.90M
46465024K ........ ........ ........ ........ 3.82M
46497792K ........ ........ ........ ........ 3.95M
46530560K ........ ........ ........ ........ 3.98M
46563328K ........ ........ ........ ........ 3.80M
46596096K ........ ........ ........ ........ 3.96M
46628864K ........ ........ ........ ........ 3.94M
46661632K ........ ........ ........ ........ 3.82M
46694400K ........ ........ ........ ........ 3.92M
46727168K ........ ........ ........ ........ 3.84M
46759936K ........ ........ ........ ........ 3.85M
46792704K ........ ........ ........ ........ 3.93M
46825472K ........ ........ ........ ........ 3.84M
46858240K ........ ........ ........ ........ 4.04M
46891008K ........ ........ ........ ........ 3.86M
46923776K ........ ........ ........ ........ 3.99M
46956544K ........ ........ ........ ........ 3.97M
46989312K ........ ........ ........ ........ 3.94M
47022080K ........ ........ ........ ........ 3.90M
47054848K ........ ........ ........ ........ 3.99M
47087616K ........ ........ ........ ........ 3.98M
47120384K ........ ........ ........ ........ 3.89M
47153152K ........ ........ ........ ........ 3.92M
47185920K ........ ........ ........ ........ 3.99M
47218688K ........ ........ ........ ........ 3.94M
47251456K ........ ........ ........ ........ 3.91M
47284224K ........ ........ ........ ........ 3.86M
47316992K ........ ........ ........ ........ 3.91M
47349760K ........ ........ ........ ........ 3.80M
47382528K ........ ........ ........ ........ 3.88M
47415296K ........ ........ ........ ........ 3.81M
47448064K ........ ........ ........ ........ 4.09M
47480832K ........ ........ ........ ........ 4.01M
47513600K ........ ........ ........ ........ 3.90M
47546368K ........ ........ ........ ........ 3.94M
47579136K ........ ........ ........ ........ 3.89M
47611904K ........ ........ ........ ........ 3.96M
47644672K ........ ........ ........ ........ 3.92M
47677440K ........ ........ ........ ........ 3.93M
47710208K ........ ........ ........ ........ 3.94M
47742976K ........ ........ ........ ........ 3.96M
47775744K ........ ........ ........ ........ 3.94M
47808512K ........ ........ ........ ........ 3.88M
47841280K ........ ........ ........ ........ 3.94M
47874048K ........ ........ ........ ........ 3.99M
47906816K ........ ........ ........ ........ 3.79M
47939584K ........ ........ ........ ........ 3.95M
47972352K ........ ........ ........ ........ 4.00M
48005120K ........ ........ ........ ........ 3.81M
48037888K ........ ........ ........ ........ 3.90M
48070656K ........ ........ ........ ........ 4.07M
48103424K ........ ........ ........ ........ 3.94M
48136192K ........ ........ ........ ........ 4.07M
48168960K ........ ........ ........ ........ 3.85M
48201728K ........ ........ ........ ........ 3.86M
48234496K ........ ........ ........ ........ 3.92M
48267264K ........ ........ ........ ........ 3.90M
48300032K ........ ........ ........ ........ 3.89M
48332800K ........ ........ ........ ........ 3.91M
48365568K ........ ........ ........ ........ 4.04M
48398336K ........ ........ ........ ........ 3.92M
48431104K ........ ........ ........ ........ 3.84M
48463872K ........ ........ ........ ........ 3.97M
48496640K ........ ........ ........ ........ 3.77M
48529408K ........ ........ ........ ........ 3.99M
48562176K ........ ........ ........ ........ 3.91M
48594944K ........ ........ ........ ........ 3.98M
48627712K ........ ........ ........ ........ 3.87M
48660480K ........ ........ ........ ........ 3.94M
48693248K ........ ........ ........ ........ 3.93M
48726016K ........ ........ ........ ........ 4.00M
48758784K ........ ........ ........ ........ 3.96M
48791552K ........ ........ ........ ........ 3.94M
48824320K ........ ........ ........ ........ 3.92M
48857088K ........ ........ ........ ........ 3.89M
48889856K ........ ........ ........ ........ 4.02M
48922624K ........ ........ ........ ........ 3.83M
48955392K ........ ........ ........ ........ 3.77M
48988160K ........ ........ ........ ........ 3.90M
49020928K ........ ........ ........ ........ 3.86M
49053696K ........ ........ ........ ........ 3.90M
49086464K ........ ........ ........ ........ 3.84M
49119232K ........ ........ ........ ........ 3.90M
49152000K ........ ........ ........ ........ 3.81M
49184768K ........ ........ ........ ........ 3.79M
49217536K ........ ........ ........ ........ 3.90M
49250304K ........ ........ ........ ........ 3.73M
49283072K ........ ........ ........ ........ 3.90M
49315840K ........ ........ ........ ........ 3.83M
49348608K ........ ........ ........ ........ 3.84M
49381376K ........ ........ ........ ........ 3.95M
49414144K ........ ........ ........ ........ 4.04M
49446912K ........ ........ ........ ........ 4.04M
49479680K ........ ........ ........ ........ 3.89M
49512448K ........ ........ ........ ........ 3.77M
49545216K ........ ........ ........ ........ 3.89M
49577984K ........ ........ ........ ........ 3.91M
49610752K ........ ........ ........ ........ 3.93M
49643520K ........ ........ ........ ........ 3.93M
49676288K ........ ........ ........ ........ 3.17M
49709056K ........ ........ ........ ........ 3.99M
49741824K ........ ........ ........ ........ 3.89M
49774592K ........ ........ ........ ........ 3.98M
49807360K ........ ........ ........ ........ 3.80M
49840128K ........ ........ ........ ........ 3.89M
49872896K ........ ........ ........ ........ 3.76M
49905664K ........ ........ ........ ........ 4.03M
49938432K ........ ........ ........ ........ 3.97M
49971200K ........ ........ ........ ........ 3.99M
50003968K ........ ........ ........ ........ 4.00M
50036736K ........ ........ ........ ........ 4.03M
50069504K ........ ........ ........ ........ 3.93M
50102272K ........ ........ ........ ........ 3.96M
50135040K ........ ........ ........ ........ 3.87M
50167808K ........ ........ ........ ........ 3.93M
50200576K ........ ........ ........ ........ 3.92M
50233344K ........ ........ ........ ........ 3.99M
50266112K ........ ........ ........ ........ 3.96M
50298880K ........ ........ ........ ........ 3.99M
50331648K ........ ........ ........ ........ 4.00M
50364416K ........ ........ ........ ........ 3.92M
50397184K ........ ........ ........ ........ 3.80M
50429952K ........ ........ ........ ........ 4.00M
50462720K ........ ........ ........ ........ 3.91M
50495488K ........ ........ ........ ........ 3.93M
50528256K ........ ........ ........ ........ 3.95M
50561024K ........ ........ ........ ........ 3.82M
50593792K ........ ........ ........ ........ 3.92M
50626560K ........ ........ ........ ........ 3.82M
50659328K ........ ........ ........ ........ 3.87M
50692096K ........ ........ ........ ........ 3.89M
50724864K ........ ........ ........ ........ 4.00M
50757632K ........ ........ ........ ........ 3.96M
50790400K ........ ........ ........ ........ 4.00M
50823168K ........ ........ ........ ........ 3.77M
50855936K ........ ........ ........ ........ 3.93M
50888704K ........ ........ ........ ........ 4.00M
50921472K ........ ........ ........ ........ 3.97M
50954240K ........ ........ ........ ........ 4.05M
50987008K ........ ........ ........ ........ 4.08M
51019776K ........ ........ ........ ........ 3.98M
51052544K ........ ........ ........ ........ 4.02M
51085312K ........ ........ ........ ........ 3.88M
51118080K ........ ........ ........ ........ 3.88M
51150848K ........ ........ ........ ........ 3.87M
51183616K ........ ........ ........ ........ 4.07M
51216384K ........ ........ ........ ........ 3.92M
51249152K ........ ........ ........ ........ 4.09M
51281920K ........ ........ ........ ........ 3.74M
51314688K ........ ........ ........ ........ 4.06M
51347456K ........ ........ ........ ........ 4.02M
51380224K ........ ........ ........ ........ 3.92M
51412992K ........ ........ ........ ........ 4.06M
51445760K ........ ........ ........ ........ 3.87M
51478528K ........ ........ ........ ........ 3.95M
51511296K ........ ........ ........ ........ 4.00M
51544064K ........ ........ ........ ........ 4.03M
51576832K ........ ........ ........ ........ 4.05M
51609600K ........ ........ ........ ........ 3.98M
51642368K ........ ........ ........ ........ 3.85M
51675136K ........ ........ ........ ........ 3.73M
51707904K ........ ........ ........ ........ 3.91M
51740672K ........ ........ ........ ........ 4.01M
51773440K ........ ........ ........ ........ 3.99M
51806208K ........ ........ ........ ........ 3.87M
51838976K ........ ........ ........ ........ 3.92M
51871744K ........ ........ ........ ........ 3.97M
51904512K ........ ........ ........ ........ 3.89M
51937280K ........ ........ ........ ........ 3.98M
51970048K ........ ........ ........ ........ 3.94M
52002816K ........ ........ ........ ........ 4.02M
52035584K ........ ........ ........ ........ 4.05M
52068352K ........ ........ ........ ........ 4.02M
52101120K ........ ........ ........ ........ 4.08M
52133888K ........ ........ ........ ........ 3.93M
52166656K ........ ........ ........ ........ 3.88M
52199424K ........ ........ ........ ........ 3.98M
52232192K ........ ........ ........ ........ 4.05M
52264960K ........ ........ ........ ........ 3.90M
52297728K ........ ........ ........ ........ 3.84M
52330496K ........ ........ ........ ........ 3.89M
52363264K ........ ........ ........ ........ 3.96M
52396032K ........ ........ ........ ........ 3.91M
52428800K ........ ........ ........ ........ 3.84M
52461568K ........ ........ ........ ........ 3.84M
52494336K ........ ........ ........ ........ 3.96M
52527104K ........ ........ ........ ........ 3.96M
52559872K ........ ........ ........ ........ 4.02M
52592640K ........ ........ ........ ........ 3.81M
52625408K ........ ........ ........ ........ 4.00M
52658176K ........ ........ ........ ........ 3.95M
52690944K ........ ........ ........ ........ 3.82M
52723712K ........ ........ ........ ........ 3.97M
52756480K ........ ........ ........ ........ 4.03M
52789248K ........ ........ ........ ........ 3.87M
52822016K ........ ........ ........ ........ 3.77M
52854784K ........ ........ ........ ........ 3.92M
52887552K ........ ........ ........ ........ 3.87M
52920320K ........ ........ ........ ........ 3.90M
52953088K ........ ........ ........ ........ 3.84M
52985856K ........ ........ ........ ........ 3.99M
53018624K ........ ........ ........ ........ 3.71M
53051392K ........ ........ ........ ........ 3.97M
53084160K ........ ........ ........ ........ 3.95M
53116928K ........ ........ ........ ........ 3.81M
53149696K ........ ........ ........ ........ 4.03M
53182464K ........ ........ ........ ........ 3.95M
53215232K ........ ........ ........ ........ 3.92M
53248000K ........ ........ ........ ........ 3.96M
53280768K ........ ........ ........ ........ 3.94M
53313536K ........ ........ ........ ........ 3.88M
53346304K ........ ........ ........ ........ 4.00M
53379072K ........ ........ ........ ........ 3.89M
53411840K ........ ........ ........ ........ 3.81M
53444608K ........ ........ ........ ........ 4.05M
53477376K ........ ........ ........ ........ 4.02M
53510144K ........ ........ ........ ........ 3.95M
53542912K ........ ........ ........ ........ 4.02M
53575680K ........ ........ ........ ........ 3.98M
53608448K ........ ........ ........ ........ 3.90M
53641216K ........ ........ ........ ........ 3.84M
53673984K ........ ........ ........ ........ 3.83M
53706752K ........ ........ ........ ........ 3.80M
53739520K ........ ........ ........ ........ 4.01M
53772288K ........ ........ ........ ........ 3.88M
53805056K ........ ........ ........ ........ 3.89M
53837824K ........ ........ ........ ........ 3.93M
53870592K ........ ........ ........ ........ 3.96M
53903360K ........ ........ ........ ........ 3.96M
53936128K ........ ........ ........ ........ 4.05M
53968896K ........ ........ ........ ........ 3.97M
54001664K ........ ........ ........ ........ 3.73M
54034432K ........ ........ ........ ........ 3.87M
54067200K ........ ........ ........ ........ 3.90M
54099968K ........ ........ ........ ........ 3.93M
54132736K ........ ........ ........ ........ 3.97M
54165504K ........ ........ ........ ........ 3.97M
54198272K ........ ........ ........ ........ 3.90M
54231040K ........ ........ ........ ........ 3.94M
54263808K ........ ........ ........ ........ 4.04M
54296576K ........ ........ ........ ........ 3.96M
54329344K ........ ........ ........ ........ 4.03M
54362112K ........ ........ ........ ........ 3.86M
54394880K ........ ........ ........ ........ 4.03M
54427648K ........ ........ ........ ........ 4.05M
54460416K ........ ........ ........ ........ 3.86M
54493184K ........ ........ ........ ........ 3.91M
54525952K ........ ........ ........ ........ 3.87M
54558720K ........ ........ ........ ........ 3.97M
54591488K ........ ........ ........ ........ 3.90M
54624256K ........ ........ ........ ........ 3.94M
54657024K ........ ........ ........ ........ 3.95M
54689792K ........ ........ ........ ........ 3.90M
54722560K ........ ........ ........ ........ 3.91M
54755328K ........ ........ ........ ........ 3.96M
54788096K ........ ........ ........ ........ 3.93M
54820864K ........ ........ ........ ........ 3.96M
54853632K ........ ........ ........ ........ 3.86M
54886400K ........ ........ ........ ........ 3.95M
54919168K ........ ........ ........ ........ 3.90M
54951936K ........ ........ ........ ........ 3.84M
54984704K ........ ........ ........ ........ 3.90M
55017472K ........ ........ ........ ........ 3.78M
55050240K ........ ........ ........ ........ 3.97M
55083008K ........ ........ ........ ........ 3.98M
55115776K ........ ........ ........ ........ 3.92M
55148544K ........ ........ ........ ........ 4.02M
55181312K ........ ........ ........ ........ 3.74M
55214080K ........ ........ ........ ........ 3.97M
55246848K ........ ........ ........ ........ 3.90M
55279616K ........ ........ ........ ........ 4.05M
55312384K ........ ........ ........ ........ 3.91M
55345152K ........ ........ ........ ........ 3.91M
55377920K ........ ........ ........ ........ 3.90M
55410688K ........ ........ ........ ........ 4.02M
55443456K ........ ........ ........ ........ 4.06M
55476224K ........ ........ ........ ........ 3.89M
55508992K ........ ........ ........ ........ 3.75M
55541760K ........ ........ ........ ........ 3.90M
55574528K ........ ........ ........ ........ 3.79M
55607296K ........ ........ ........ ........ 3.84M
55640064K ........ ........ ........ ........ 3.89M
55672832K ........ ........ ........ ........ 3.89M
55705600K ........ ........ ........ ........ 3.79M
55738368K ........ ........ ........ ........ 3.99M
55771136K ........ ........ ........ ........ 3.86M
55803904K ........ ........ ........ ........ 3.88M
55836672K ........ ........ ........ ........ 3.97M
55869440K ........ ........ ........ ........ 3.93M
55902208K ........ ........ ........ ........ 3.92M
55934976K ........ ........ ........ ........ 4.02M
55967744K ........ ........ ........ ........ 3.97M
56000512K ........ ........ ........ ........ 3.87M
56033280K ........ ........ ........ ........ 3.96M
56066048K ........ ........ ........ ........ 4.04M
56098816K ........ ........ ........ ........ 3.93M
56131584K ........ ........ ........ ........ 3.97M
56164352K ........ ........ ........ ........ 3.80M
56197120K ........ ........ ........ ........ 3.95M
56229888K ........ ........ ........ ........ 3.97M
56262656K ........ ........ ........ ........ 3.79M
56295424K ........ ........ ........ ........ 3.95M
56328192K ........ ........ ........ ........ 3.96M
56360960K ........ ........ ........ ........ 4.03M
56393728K ........ ........ ........ ........ 3.91M
56426496K ........ ........ ........ ........ 3.94M
56459264K ........ ........ ........ ........ 3.94M
56492032K ........ ........ ........ ........ 3.89M
56524800K ........ ........ ........ ........ 4.04M
56557568K ........ ........ ........ ........ 4.03M
56590336K ........ ........ ........ ........ 3.98M
56623104K ........ ........ ........ ........ 3.90M
56655872K ........ ........ ........ ........ 3.84M
56688640K ........ ........ ........ ........ 3.94M
56721408K ........ ........ ........ ........ 4.05M
56754176K ........ ........ ........ ........ 3.84M
56786944K ........ ........ ........ ........ 3.86M
56819712K ........ ........ ........ ........ 3.79M
56852480K ........ ........ ........ ........ 3.94M
56885248K ........ ........ ........ ........ 3.96M
56918016K ........ ........ ........ ........ 3.75M
56950784K ........ ........ ........ ........ 3.98M
56983552K ........ ........ ........ ........ 4.00M
57016320K ........ ........ ........ ........ 4.03M
57049088K ........ ........ ........ ........ 3.98M
57081856K ........ ........ ........ ........ 3.88M
57114624K ........ ........ ........ ........ 3.96M
57147392K ........ ........ ........ ........ 3.90M
57180160K ........ ........ ........ ........ 3.89M
57212928K ........ ........ ........ ........ 4.04M
57245696K ........ ........ ........ ........ 3.88M
57278464K ........ ........ ........ ........ 3.96M
57311232K ........ ........ ........ ........ 3.96M
57344000K ........ ........ ........ ........ 3.94M
57376768K ........ ........ ........ ........ 3.89M
57409536K ........ ........ ........ ........ 3.95M
57442304K ........ ........ ........ ........ 3.97M
57475072K ........ ........ ........ ........ 3.92M
57507840K ........ ........ ........ ........ 3.81M
57540608K ........ ........ ........ ........ 3.81M
57573376K ........ ........ ........ ........ 3.87M
57606144K ........ ........ ........ ........ 3.84M
57638912K ........ ........ ........ ........ 4.05M
57671680K ........ ........ ........ ........ 3.99M
57704448K ........ ........ ........ ........ 3.96M
57737216K ........ ........ ........ ........ 3.93M
57769984K ........ ........ ........ ........ 3.87M
57802752K ........ ........ ........ ........ 3.99M
57835520K ........ ........ ........ ........ 3.90M
57868288K ........ ........ ........ ........ 3.88M
57901056K ........ ........ ........ ........ 3.98M
57933824K ........ ........ ........ ........ 4.01M
57966592K ........ ........ ........ ........ 3.85M
57999360K ........ ........ ........ ........ 4.07M
58032128K ........ ........ ........ ........ 3.91M
58064896K ........ ........ ........ ........ 3.86M
58097664K ........ ........ ........ ........ 4.03M
58130432K ........ ........ ........ ........ 3.98M
58163200K ........ ........ ........ ........ 3.96M
58195968K ........ ........ ........ ........ 4.00M
58228736K ........ ........ ........ ........ 3.99M
58261504K ........ ........ ........ ........ 3.94M
58294272K ........ ........ ........ ........ 3.97M
58327040K ........ ........ ........ ........ 3.91M
58359808K ........ ........ ........ ........ 3.99M
58392576K ........ ........ ........ ........ 3.91M
58425344K ........ ........ ........ ........ 3.88M
58458112K ........ ........ ........ ........ 3.84M
58490880K ........ ........ ........ ........ 3.97M
58523648K ........ ........ ........ ........ 3.93M
58556416K ........ ........ ........ ........ 3.91M
58589184K ........ ........ ........ ........ 3.98M
58621952K ........ ........ ........ ........ 4.00M
58654720K ........ ........ ........ ........ 3.98M
58687488K ........ ........ ........ ........ 3.92M
58720256K ........ ........ ........ ........ 3.99M
58753024K ........ ........ ........ ........ 3.85M
58785792K ........ ........ ........ ........ 3.99M
58818560K ........ ........ ........ ........ 3.92M
58851328K ........ ........ ........ ........ 4.06M
58884096K ........ ........ ........ ........ 4.06M
58916864K ........ ........ ........ ........ 3.81M
58949632K ........ ........ ........ ........ 3.96M
58982400K ........ ........ ........ ........ 3.88M
59015168K ........ ........ ........ ........ 3.86M
59047936K ........ ........ ........ ........ 4.04M
59080704K ........ ........ ........ ........ 3.81M
59113472K ........ ........ ........ ........ 3.88M
59146240K ........ ........ ........ ........ 3.97M
59179008K ........ ........ ........ ........ 3.96M
59211776K ........ ........ ........ ........ 3.94M
59244544K ........ ........ ........ ........ 3.98M
59277312K ........ ........ ........ ........ 3.96M
59310080K ........ ........ ........ ........ 4.07M
59342848K ........ ........ ........ ........ 3.98M
59375616K ........ ........ ........ ........ 3.93M
59408384K ........ ........ ........ ........ 3.80M
59441152K ........ ........ ........ ........ 4.02M
59473920K ........ ........ ........ ........ 3.78M
59506688K ........ ........ ........ ........ 3.97M
59539456K ........ ........ ........ ........ 3.77M
59572224K ........ ........ ........ ........ 4.00M
59604992K ........ ........ ........ ........ 3.99M
59637760K ........ ........ ........ ........ 4.00M
59670528K ........ ........ ........ ........ 3.86M
59703296K ........ ........ ........ ........ 3.95M
59736064K ........ ........ ........ ........ 3.98M
59768832K ........ ........ ........ ........ 3.97M
59801600K ........ ........ ........ ........ 3.78M
59834368K ........ ........ ........ ........ 3.75M
59867136K ........ ........ ........ ........ 3.94M
59899904K ........ ........ ........ ........ 3.99M
59932672K ........ ........ ........ ........ 4.07M
59965440K ........ ........ ........ ........ 3.94M
59998208K ........ ........ ........ ........ 4.06M
60030976K ........ ........ ........ ........ 3.99M
60063744K ........ ........ ........ ........ 3.95M
60096512K ........ ........ ........ ........ 3.81M
60129280K ........ ........ ........ ........ 3.87M
60162048K ........ ........ ........ ........ 4.06M
60194816K ........ ........ ........ ........ 3.88M
60227584K ........ ........ ........ ........ 3.88M
60260352K ........ ........ ........ ........ 4.01M
60293120K ........ ........ ........ ........ 4.07M
60325888K ........ ........ ........ ........ 3.90M
60358656K ........ ........ ........ ........ 3.94M
60391424K ........ ........ ........ ........ 4.02M
60424192K ........ ........ ........ ........ 3.95M
60456960K ........ ........ ........ ........ 3.93M
60489728K ........ ........ ........ ........ 4.01M
60522496K ........ ........ ........ ........ 3.96M
60555264K ........ ........ ........ ........ 4.02M
60588032K ........ ........ ........ ........ 3.91M
60620800K ........ ........ ........ ........ 4.02M
60653568K ........ ........ ........ ........ 3.92M
60686336K ........ ........ ........ ........ 4.00M
60719104K ........ ........ ........ ........ 3.92M
60751872K ........ ........ ........ ........ 3.93M
60784640K ........ ........ ........ ........ 3.87M
60817408K ........ ........ ........ ........ 3.86M
60850176K ........ ........ ........ ........ 3.96M
60882944K ........ ........ ........ ........ 3.90M
60915712K ........ ........ ........ ........ 3.85M
60948480K ........ ........ ........ ........ 4.05M
60981248K ........ ........ ........ ........ 3.78M
61014016K ........ ........ ........ ........ 3.84M
61046784K ........ ........ ........ ........ 3.92M
61079552K ........ ........ ........ ........ 3.86M
61112320K ........ ........ ........ ........ 3.84M
61145088K ........ ........ ........ ........ 3.98M
61177856K ........ ........ ........ ........ 3.95M
61210624K ........ ........ ........ ........ 3.89M
61243392K ........ ........ ........ ........ 3.98M
61276160K ........ ........ ........ ........ 3.88M
61308928K ........ ........ ........ ........ 4.01M
61341696K ........ ........ ........ ........ 3.97M
61374464K ........ ........ ........ ........ 3.97M
61407232K ........ ........ ........ ........ 3.92M
61440000K ........ ........ ........ ........ 3.95M
61472768K ........ ........ ........ ........ 3.89M
61505536K ........ ........ ........ ........ 3.76M
61538304K ........ ........ ........ ........ 3.81M
61571072K ........ ........ ........ ........ 3.79M
61603840K ........ ........ ........ ........ 3.83M
61636608K ........ ........ ........ ........ 3.92M
61669376K ........ ........ ........ ........ 3.81M
61702144K ........ ........ ........ ........ 3.96M
61734912K ........ ........ ........ ........ 3.98M
61767680K ........ ........ ........ ........ 3.94M
61800448K ........ ........ ........ ........ 3.97M
61833216K ........ ........ ........ ........ 3.74M
61865984K ........ ........ ........ ........ 3.95M
61898752K ........ ........ ........ ........ 3.81M
61931520K ........ ........ ........ ........ 3.98M
61964288K ........ ........ ........ ........ 3.87M
61997056K ........ ........ ........ ........ 3.80M
62029824K ........ ........ ........ ........ 4.03M
62062592K ........ ........ ........ ........ 3.96M
62095360K ........ ........ ........ ........ 3.85M
62128128K ........ ........ ........ ........ 3.96M
62160896K ........ ........ ........ ........ 3.89M
62193664K ........ ........ ........ ........ 3.97M
62226432K ........ ........ ........ ........ 3.99M
62259200K ........ ........ ........ ........ 3.93M
62291968K ........ ........ ........ ........ 3.92M
62324736K ........ ........ ........ ........ 3.96M
62357504K ........ ........ ........ ........ 3.87M
62390272K ........ ........ ........ ........ 3.76M
62423040K ........ ........ ........ ........ 3.95M
62455808K ........ ........ ........ ........ 3.98M
62488576K ........ ........ ........ ........ 3.92M
62521344K ........ ........ ........ ........ 3.77M
62554112K ........ ........ ........ ........ 3.85M
62586880K ........ ........ ........ ........ 3.95M
62619648K ........ ........ ........ ........ 3.87M
62652416K ........ ........ ........ ........ 3.95M
62685184K ........ ........ ........ ........ 4.02M
62717952K ........ ........ ........ ........ 3.98M
62750720K ........ ........ ........ ........ 4.02M
62783488K ........ ........ ........ ........ 3.85M
62816256K ........ ........ ........ ........ 3.86M
62849024K ........ ........ ........ ........ 3.84M
62881792K ........ ........ ........ ........ 4.06M
62914560K ........ ........ ........ ........ 4.04M
62947328K ........ ........ ........ ........ 3.97M
62980096K ........ ........ ........ ........ 3.94M
63012864K ........ ........ ........ ........ 3.98M
63045632K ........ ........ ........ ........ 4.05M
63078400K ........ ........ ........ ........ 4.08M
63111168K ........ ........ ........ ........ 3.90M
63143936K ........ ........ ........ ........ 3.88M
63176704K ........ ........ ........ ........ 3.92M
63209472K ........ ........ ........ ........ 3.90M
63242240K ........ ........ ........ ........ 3.98M
63275008K ........ ........ ........ ........ 3.96M
63307776K ........ ........ ........ ........ 3.99M
63340544K ........ ........ ........ ........ 4.02M
63373312K ........ ........ ........ ........ 4.04M
63406080K ........ ........ ........ ........ 3.73M
63438848K ........ ........ ........ ........ 4.01M
63471616K ........ ........ ........ ........ 3.90M
63504384K ........ ........ ........ ........ 3.83M
63537152K ........ ........ ........ ........ 3.89M
63569920K ........ ........ ........ ........ 3.81M
63602688K ........ ........ ........ ........ 3.91M
63635456K ........ ........ ........ ........ 3.87M
63668224K ........ ........ ........ ........ 3.85M
63700992K ........ ........ ........ ........ 3.83M
63733760K ........ ........ ........ ........ 4.04M
63766528K ........ ........ ........ ........ 4.01M
63799296K ........ ........ ........ ........ 3.89M
63832064K ........ ........ ........ ........ 3.91M
63864832K ........ ........ ........ ........ 3.99M
63897600K ........ ........ ........ ........ 4.04M
63930368K ........ ........ ........ ........ 4.01M
63963136K ........ ........ ........ ........ 3.90M
63995904K ........ ........ ........ ........ 3.83M
64028672K ........ ........ ........ ........ 3.96M
64061440K ........ ........ ........ ........ 4.02M
64094208K ........ ........ ........ ........ 3.98M
64126976K ........ ........ ........ ........ 4.02M
64159744K ........ ........ ........ ........ 3.92M
64192512K ........ ........ ........ ........ 3.77M
64225280K ........ ........ ........ ........ 3.81M
64258048K ........ ........ ........ ........ 3.78M
64290816K ........ ........ ........ ........ 3.85M
64323584K ........ ........ ........ ........ 3.79M
64356352K ........ ........ ........ ........ 4.02M
64389120K ........ ........ ........ ........ 3.94M
64421888K ........ ........ ........ ........ 3.91M
64454656K ........ ........ ........ ........ 3.84M
64487424K ........ ........ ........ ........ 3.87M
64520192K ........ ........ ........ ........ 3.88M
64552960K ........ ........ ........ ........ 4.09M
64585728K ........ ........ ........ ........ 3.89M
64618496K ........ ........ ........ ........ 3.92M
64651264K ........ ........ ........ ........ 3.96M
64684032K ........ ........ ........ ........ 4.08M
64716800K ........ ........ ........ ........ 4.11M
64749568K ........ ........ ........ ........ 3.94M
64782336K ........ ........ ........ ........ 3.95M
64815104K ........ ........ ........ ........ 3.95M
64847872K ........ ........ ........ ........ 4.02M
64880640K ........ ........ ........ ........ 3.84M
64913408K ........ ........ ........ ........ 3.94M
64946176K ........ ........ ........ ........ 3.99M
64978944K ........ ........ ........ ........ 4.01M
65011712K ........ ........ ........ ........ 3.94M
65044480K ........ ........ ........ ........ 3.94M
65077248K ........ ........ ........ ........ 4.02M
65110016K ........ ........ ........ ........ 3.91M
65142784K ........ ........ ........ ........ 3.78M
65175552K ........ ........ ........ ........ 3.91M
65208320K ........ ........ ........ ........ 3.95M
65241088K ........ ........ ........ ........ 3.87M
65273856K ........ ........ ........ ........ 4.00M
65306624K ........ ........ ........ ........ 3.96M
65339392K ........ ........ ........ ........ 4.04M
65372160K ........ ........ ........ ........ 4.01M
65404928K ........ ........ ........ ........ 4.01M
65437696K ........ ........ ........ ........ 3.95M
65470464K ........ ........ ........ ........ 3.94M
65503232K ........ ........ ........ ........ 3.93M
65536000K ........ ........ ........ ........ 3.69M
65568768K ........ ........ ........ ........ 3.90M
65601536K ........ ........ ........ ........ 3.96M
65634304K ........ ........ ........ ........ 3.87M
65667072K ........ ........ ........ ........ 4.05M
65699840K ........ ........ ........ ........ 3.98M
65732608K ........ ........ ........ ........ 3.87M
65765376K ........ ........ ........ ........ 3.89M
65798144K ........ ........ ........ ........ 3.92M
65830912K ........ ........ ........ ........ 3.99M
65863680K ........ ........ ........ ........ 3.86M
65896448K ........ ........ ........ ........ 3.97M
65929216K ........ ........ ........ ........ 3.97M
65961984K ........ ........ ........ ........ 3.94M
65994752K ........ ........ ........ ........ 4.00M
66027520K ........ ........ ........ ........ 4.02M
66060288K ........ ........ ........ ........ 3.90M
66093056K ........ ........ ........ ........ 4.02M
66125824K ........ ........ ........ ........ 3.95M
66158592K ........ ........ ........ ........ 3.91M
66191360K ........ ........ ........ ........ 3.93M
66224128K ........ ........ ........ ........ 3.98M
66256896K ........ ........ ........ ........ 3.88M
66289664K ........ ........ ........ ........ 3.95M
66322432K ........ ........ ........ ........ 4.06M
66355200K ........ ........ ........ ........ 3.94M
66387968K ........ ........ ........ ........ 4.03M
66420736K ........ ........ ........ ........ 3.86M
66453504K ........ ........ ........ ........ 3.87M
66486272K ........ ........ ........ ........ 3.80M
66519040K ........ ........ ........ ........ 3.90M
66551808K ........ ........ ........ ........ 3.95M
66584576K ........ ........ ........ ........ 3.74M
66617344K ........ ........ ........ ........ 3.90M
66650112K ........ ........ ........ ........ 3.85M
66682880K ........ ........ ........ ........ 3.94M
66715648K ........ ........ ........ ........ 3.90M
66748416K ........ ........ ........ ........ 3.95M
66781184K ........ ........ ........ ........ 4.03M
66813952K ........ ........ ........ ........ 3.85M
66846720K ........ ........ ........ ........ 4.02M
66879488K ........ ........ ........ ........ 4.08M
66912256K ........ ........ ........ ........ 4.01M
66945024K ........ ........ ........ ........ 3.84M
66977792K ........ ........ ........ ........ 3.97M
67010560K ........ ........ ........ ........ 4.02M
67043328K ........ ........ ........ ........ 3.99M
67076096K ........ ........ ........ ........ 3.96M
67108864K ........ ........ ........ ........ 3.89M
67141632K ........ ........ ........ ........ 3.93M
67174400K ........ ........ ........ ........ 4.04M
67207168K ........ ........ ........ ........ 3.93M
67239936K ........ ........ ........ ........ 3.96M
67272704K ........ ........ ........ ........ 4.10M
67305472K ........ ........ ........ ........ 4.07M
67338240K ........ ........ ........ ........ 3.95M
67371008K ........ ........ ........ ........ 3.98M
67403776K ........ ........ ........ ........ 3.87M
67436544K ........ ........ ........ ........ 4.01M
67469312K ........ ........ ........ ........ 4.08M
67502080K ........ ........ ........ ........ 4.05M
67534848K ........ ........ ........ ........ 4.04M
67567616K ........ ........ ........ ........ 4.02M
67600384K ........ ........ ........ ........ 4.07M
67633152K ........ ........ ........ ........ 3.93M
67665920K ........ ........ ........ ........ 3.98M
67698688K ........ ........ ........ ........ 3.94M
67731456K ........ ........ ........ ........ 4.05M
67764224K ........ ........ ........ ........ 4.03M
67796992K ........ ........ ........ ........ 4.05M
67829760K ........ ........ ........ ........ 3.96M
67862528K ........ ........ ........ ........ 3.90M
67895296K ........ ........ ........ ........ 3.81M
67928064K ........ ........ ........ ........ 3.94M
67960832K ........ ........ ........ ........ 4.10M
67993600K ........ ........ ........ ........ 3.92M
68026368K ........ ........ ........ ........ 4.03M
68059136K ........ ........ ........ ........ 3.85M
68091904K ........ ........ ........ ........ 3.99M
68124672K ........ ........ ........ ........ 3.82M
68157440K ........ ........ ........ ........ 4.13M
68190208K ........ ........ ........ ........ 3.96M
68222976K ........ ........ ........ ........ 3.95M
68255744K ........ ........ ........ ........ 3.99M
68288512K ........ ........ ........ ........ 3.96M
68321280K ........ ........ ........ ........ 3.88M
68354048K ........ ........ ........ ........ 4.09M
68386816K ........ ........ ........ ........ 4.08M
68419584K ........ ........ ........ ........ 3.88M
68452352K ........ ........ ........ ........ 4.06M
68485120K ........ ........ ........ ........ 3.97M
68517888K ........ ........ ........ ........ 4.03M
68550656K ........ ........ ........ ........ 3.81M
68583424K ........ ........ ........ ........ 3.69M
68616192K ........ ........ ........ ........ 3.93M
68648960K ........ ........ ........ ........ 3.93M
68681728K ........ ........ ........ ........ 3.96M
68714496K ........ ........ ........ ........ 3.97M
68747264K ........ ........ ........ ........ 3.93M
68780032K ........ ........ ........ ........ 3.85M
68812800K ........ ........ ........ ........ 3.83M
68845568K ........ ........ ........ ........ 3.96M
68878336K ........ ........ ........ ........ 3.78M
68911104K ........ ........ ........ ........ 3.82M
68943872K ........ ........ ........ ........ 3.87M
68976640K ........ ........ ........ ........ 3.92M
69009408K ........ ........ ........ ........ 3.94M
69042176K ........ ........ ........ ........ 3.97M
69074944K ........ ........ ........ ........ 4.03M
69107712K ........ ........ ........ ........ 4.01M
69140480K ........ ........ ........ ........ 3.91M
69173248K ........ ........ ........ ........ 3.96M
69206016K ........ ........ ........ ........ 3.94M
69238784K ........ ........ ........ ........ 3.99M
69271552K ........ ........ ........ ........ 3.95M
69304320K ........ ........ ........ ........ 4.06M
69337088K ........ ........ ........ ........ 3.84M
69369856K ........ ........ ........ ........ 3.86M
69402624K ........ ........ ........ ........ 3.89M
69435392K ........ ........ ........ ........ 3.88M
69468160K ........ ........ ........ ........ 3.91M
69500928K ........ ........ ........ ........ 3.97M
69533696K ........ ........ ........ ........ 3.95M
69566464K ........ ........ ........ ........ 3.87M
69599232K ........ ........ ........ ........ 3.76M
69632000K ........ ........ ........ ........ 3.84M
69664768K ........ ........ ........ ........ 3.86M
69697536K ........ ........ ........ ........ 3.89M
69730304K ........ ........ ........ ........ 3.69M
69763072K ........ ........ ........ ........ 4.07M
69795840K ........ ........ ........ ........ 3.78M
69828608K ........ ........ ........ ........ 3.91M
69861376K ........ ........ ........ ........ 3.93M
69894144K ........ ........ ........ ........ 3.93M
69926912K ........ ........ ........ ........ 3.83M
69959680K ........ ........ ........ ........ 4.00M
69992448K ........ ........ ........ ........ 3.98M
70025216K ........ ........ ........ ........ 3.89M
70057984K ........ ........ ........ ........ 4.06M
70090752K ........ ........ ........ ........ 4.04M
70123520K ........ ........ ........ ........ 4.04M
70156288K ........ ........ ........ ........ 4.00M
70189056K ........ ........ ........ ........ 3.84M
70221824K ........ ........ ........ ........ 4.00M
70254592K ........ ........ ........ ........ 4.03M
70287360K ........ ........ ........ ........ 3.91M
70320128K ........ ........ ........ ........ 3.86M
70352896K ........ ........ ........ ........ 3.81M
70385664K ........ ........ ........ ........ 3.88M
70418432K ........ ........ ........ ........ 3.99M
70451200K ........ ........ ........ ........ 4.03M
70483968K ........ ........ ........ ........ 3.83M
70516736K ........ ........ ........ ........ 3.94M
70549504K ........ ........ ........ ........ 3.91M
70582272K ........ ........ ........ ........ 3.75M
70615040K ........ ........ ........ ........ 3.87M
70647808K ........ ........ ........ ........ 3.91M
70680576K ........ ........ ........ ........ 3.65M
70713344K ........ ........ ........ ........ 3.93M
70746112K ........ ........ ........ ........ 3.84M
70778880K ........ ........ ........ ........ 4.05M
70811648K ........ ........ ........ ........ 3.99M
70844416K ........ ........ ........ ........ 3.97M
70877184K ........ ........ ........ ........ 3.96M
70909952K ........ ........ ........ ........ 3.93M
70942720K ........ ........ ........ ........ 3.95M
70975488K ........ ........ ........ ........ 3.82M
71008256K ........ ........ ........ ........ 3.97M
71041024K ........ ........ ........ ........ 3.80M
71073792K ........ ........ ........ ........ 3.85M
71106560K ........ ........ ........ ........ 3.90M
71139328K ........ ........ ........ ........ 3.85M
71172096K ........ ........ ........ ........ 4.03M
71204864K ........ ........ ........ ........ 3.79M
71237632K ........ ........ ........ ........ 3.86M
71270400K ........ ........ ........ ........ 4.00M
71303168K ........ ........ ........ ........ 3.87M
71335936K ........ ........ ........ ........ 3.84M
71368704K ........ ........ ........ ........ 3.83M
71401472K ........ ........ ........ ........ 3.91M
71434240K ........ ........ ........ ........ 3.98M
71467008K ........ ........ ........ ........ 3.85M
71499776K ........ ........ ........ ........ 3.93M
71532544K ........ ........ ........ ........ 3.87M
71565312K ........ ........ ........ ........ 3.88M
71598080K ........ ........ ........ ........ 3.94M
71630848K ........ ........ ........ ........ 3.87M
71663616K ........ ........ ........ ........ 4.01M
71696384K ........ ........ ........ ........ 3.94M
71729152K ........ ........ ........ ........ 3.93M
71761920K ........ ........ ........ ........ 4.06M
71794688K ........ ........ ........ ........ 3.86M
71827456K ........ ........ ........ ........ 3.91M
71860224K ........ ........ ........ ........ 4.08M
71892992K ........ ........ ........ ........ 3.99M
71925760K ........ ........ ........ ........ 3.92M
71958528K ........ ........ ........ ........ 3.85M
71991296K ........ ........ ........ ........ 4.00M
72024064K ........ ........ ........ ........ 3.98M
72056832K ........ ........ ........ ........ 4.07M
72089600K ........ ........ ........ ........ 3.95M
72122368K ........ ........ ........ ........ 3.95M
72155136K ........ ........ ........ ........ 3.83M
72187904K ........ ........ ........ ........ 3.93M
72220672K ........ ........ ........ ........ 3.93M
72253440K ........ ........ ........ ........ 4.04M
72286208K ........ ........ ........ ........ 4.01M
72318976K ........ ........ ........ ........ 3.95M
72351744K ........ ........ ........ ........ 3.95M
72384512K ........ ........ ........ ........ 3.96M
72417280K ........ ........ ........ ........ 3.86M
72450048K ........ ........ ........ ........ 4.02M
72482816K ........ ........ ........ ........ 3.97M
72515584K ........ ........ ........ ........ 3.96M
72548352K ........ ........ ........ ........ 3.88M
72581120K ........ ........ ........ ........ 3.91M
72613888K ........ ........ ........ ........ 3.94M
72646656K ........ ........ ........ ........ 4.09M
72679424K ........ ........ ........ ........ 3.92M
72712192K ........ ........ ........ ........ 4.02M
72744960K ........ ........ ........ ........ 3.96M
72777728K ........ ........ ........ ........ 3.89M
72810496K ........ ........ ........ ........ 3.94M
72843264K ........ ........ ........ ........ 3.97M
72876032K ........ ........ ........ ........ 4.04M
72908800K ........ ........ ........ ........ 4.01M
72941568K ........ ........ ........ ........ 4.02M
72974336K ........ ........ ........ ........ 3.88M
73007104K ........ ........ ........ ........ 3.99M
73039872K ........ ........ ........ ........ 3.98M
73072640K ........ ........ ........ ........ 3.94M
73105408K ........ ........ ........ ........ 3.93M
73138176K ........ ........ ........ ........ 3.98M
73170944K ........ ........ ........ ........ 3.84M
73203712K ........ ........ ........ ........ 3.94M
73236480K ........ ........ ........ ........ 3.89M
73269248K ........ ........ ........ ........ 4.00M
73302016K ........ ........ ........ ........ 3.85M
73334784K ........ ........ ........ ........ 3.89M
73367552K ........ ........ ........ ........ 3.87M
73400320K ........ ........ ........ ........ 4.01M
73433088K ........ ........ ........ ........ 3.78M
73465856K ........ ........ ........ ........ 4.03M
73498624K ........ ........ ........ ........ 3.93M
73531392K ........ ........ ........ ........ 3.92M
73564160K ........ ........ ........ ........ 3.82M
73596928K ........ ........ ........ ........ 3.99M
73629696K ........ ........ ........ ........ 3.84M
73662464K ........ ........ ........ ........ 3.91M
73695232K ........ ........ ........ ........ 4.00M
73728000K ........ ........ ........ ........ 3.95M
73760768K ........ ........ ........ ........ 3.98M
73793536K ........ ........ ........ ........ 3.91M
73826304K ........ ........ ........ ........ 3.86M
73859072K ........ ........ ........ ........ 3.98M
73891840K ........ ........ ........ ........ 4.00M
73924608K ........ ........ ........ ........ 3.96M
73957376K ........ ........ ........ ........ 4.08M
73990144K ........ ........ ........ ........ 3.92M
74022912K ........ ........ ........ ........ 4.01M
74055680K ........ ........ ........ ........ 4.00M
74088448K ........ ........ ........ ........ 4.00M
74121216K ........ ........ ........ ........ 3.93M
74153984K ........ ........ ........ ........ 3.97M
74186752K ........ ........ ........ ........ 3.90M
74219520K ........ ........ ........ ........ 3.96M
74252288K ........ ........ ........ ........ 3.88M
74285056K ........ ........ ........ ........ 3.94M
74317824K ........ ........ ........ ........ 3.93M
74350592K ........ ........ ........ ........ 3.98M
74383360K ........ ........ ........ ........ 3.94M
74416128K ........ ........ ........ ........ 3.96M
74448896K ........ ........ ........ ........ 3.76M
74481664K ........ ........ ........ ........ 3.87M
74514432K ........ ........ ........ ........ 3.85M
74547200K ........ ........ ........ ........ 3.72M
74579968K ........ ........ ........ ........ 3.92M
74612736K ........ ........ ........ ........ 3.92M
74645504K ........ ........ ........ ........ 3.98M
74678272K ........ ........ ........ ........ 3.97M
74711040K ........ ........ ........ ........ 3.94M
74743808K ........ ........ ........ ........ 3.87M
74776576K ........ ........ ........ ........ 4.02M
74809344K ........ ........ ........ ........ 3.93M
74842112K ........ ........ ........ ........ 3.76M
74874880K ........ ........ ........ ........ 3.97M
74907648K ........ ........ ........ ........ 3.89M
74940416K ........ ........ ........ ........ 3.98M
74973184K ........ ........ ........ ........ 4.06M
75005952K ........ ........ ........ ........ 3.94M
75038720K ........ ........ ........ ........ 3.67M
75071488K ........ ........ ........ ........ 3.89M
75104256K ........ ........ ........ ........ 3.96M
75137024K ........ ........ ........ ........ 3.85M
75169792K ........ ........ ........ ........ 3.86M
75202560K ........ ........ ........ ........ 3.92M
75235328K ........ ........ ........ ........ 3.97M
75268096K ........ ........ ........ ........ 4.07M
75300864K ........ ........ ........ ........ 3.96M
75333632K ........ ........ ........ ........ 3.76M
75366400K ........ ........ ........ ........ 3.88M
75399168K ........ ........ ........ ........ 3.97M
75431936K ........ ........ ........ ........ 3.88M
75464704K ........ ........ ........ ........ 3.90M
75497472K ........ ........ ........ ........ 3.91M
75530240K ........ ........ ........ ........ 3.96M
75563008K ........ ........ ........ ........ 3.96M
75595776K ........ ........ ........ ........ 3.86M
75628544K ........ ........ ........ ........ 3.94M
75661312K ........ ........ ...               4.06M=5h13m

2026-10-08 17:56:35 (3.94 MB/s) - ‘fmow-sentinel.tar.gz’ saved [77497587986]

tar: stdout: write error
